<QCTO_EXPORT>
	<!--
To avoid parsing errors with nested CDATA tags, we have performed replacements
as follows:
   {7F90763C-0E3B-4EDB-9901-25FFC60D4CE3} is used in place of the CDATA text that starts the section
   {73216B1F-624F-4707-9F5B-7F9E5FC13A2C} is used in place of the double closed square brackets used to end the section
If you want to work with a nested XML fragment directly from this file, you
may need to reverse these changes. 
-->
	<QCTO_EXPORT_HEADER>
		<QCTO_VERSION>1.9.0.489</QCTO_VERSION>
		<TIMESTAMP_FORMAT>YYYY-MM-DD"T"HH24:MI:SS</TIMESTAMP_FORMAT>
		<CREATED_ON>2010-01-30T16:22:59</CREATED_ON>
		<CREATED_BY>TEST_SCHEMA</CREATED_BY>
		<EXPORT_TYPE>SUITE</EXPORT_TYPE>
	</QCTO_EXPORT_HEADER>
	<QU_SUITE><COLUMNS>
			<UNIVERSAL_ID>{6D866E6B-95AC-4506-BA92-7223633985C6}</UNIVERSAL_ID>
			<NAME><![CDATA[OTSuite]]></NAME>
			<DESCRIPTION><![CDATA[]]></DESCRIPTION>
			<IS_EXAMPLE><![CDATA[N]]></IS_EXAMPLE>
			<CREATED_ON>2010-01-30T16:17:48</CREATED_ON>
			<CREATED_BY>TEST_SCHEMA</CREATED_BY>
			<CHANGED_ON>2010-01-30T16:17:48</CHANGED_ON>
			<CHANGED_BY>TEST_SCHEMA</CHANGED_BY>
		</COLUMNS><TEST_DEFINITIONS>
			<QU_HARNESS>
				<COLUMNS><UNIVERSAL_ID>{790DA639-BFBE-1247-E044-0003BA357108}</UNIVERSAL_ID><HARNESS_OWNER>TEST_SCHEMA</HARNESS_OWNER><NAME><![CDATA[Q##QRT#OT_MEMBERS1]]></NAME>
					<DESCRIPTION><![CDATA[]]></DESCRIPTION>
					<TEST_ENGINE_TYPE>QuestCodeTesterOracle</TEST_ENGINE_TYPE><HARNESS_TYPE>PACKAGE</HARNESS_TYPE><PROGRAM_OWNER>TEST_SCHEMA</PROGRAM_OWNER><PROGRAM_NAME><![CDATA[QRT#OT_MEMBERS1]]></PROGRAM_NAME><PROGRAM_TYPE>TYPE</PROGRAM_TYPE><PREFIX>Q##</PREFIX><SUFFIX></SUFFIX><IS_TEST_HARNESS>N</IS_TEST_HARNESS>
					<EXT_SETUP_CODE><![CDATA[]]></EXT_SETUP_CODE>
					<EXT_TEARDOWN_CODE><![CDATA[]]></EXT_TEARDOWN_CODE>
					<SPEC_CODE><![CDATA[]]></SPEC_CODE>
					<BODY_CODE><![CDATA[]]></BODY_CODE>
					<IS_EXAMPLE>N</IS_EXAMPLE>
					<DEFINITION_STATUS></DEFINITION_STATUS>
					<CREATED_ON>2010-01-30T16:01:41</CREATED_ON><CREATED_BY>TEST_SCHEMA</CREATED_BY><CHANGED_ON>2010-01-30T16:09:03</CHANGED_ON><CHANGED_BY>TEST_SCHEMA</CHANGED_BY>
					<DECLARATIONS><![CDATA[]]></DECLARATIONS>
					<SETUP_CODE><![CDATA[]]></SETUP_CODE>
					<TEARDOWN_CODE><![CDATA[]]></TEARDOWN_CODE>
					<IS_LOCKED>N</IS_LOCKED>
					<EXT_TC_EXEC_CODE><![CDATA[]]></EXT_TC_EXEC_CODE>
					<LAST_RUN_STATUS></LAST_RUN_STATUS><PROGRAM_STATUS></PROGRAM_STATUS><TEST_CODE_STATUS></TEST_CODE_STATUS><TEST_CODE_CURRENT><![CDATA[]]></TEST_CODE_CURRENT><TEST_DEFINITION_CURRENT><![CDATA[]]></TEST_DEFINITION_CURRENT>
					<DECLARE_PROGRAMS><![CDATA[]]></DECLARE_PROGRAMS>
					<LAST_RUN_ON></LAST_RUN_ON>
					<PRIVATE_DECLARATIONS><![CDATA[]]></PRIVATE_DECLARATIONS>
					<PRIVATE_DECLARE_PROGRAMS><![CDATA[]]></PRIVATE_DECLARE_PROGRAMS>
					<INVOKER_RIGHTS></INVOKER_RIGHTS><PROFILE_EXECUTION>N</PROFILE_EXECUTION><USE_NAMED_NOTATION>Y</USE_NAMED_NOTATION><RANDOM_EXECUTION>N</RANDOM_EXECUTION><ATTRIBUTE_COUNT></ATTRIBUTE_COUNT><METHODS_COUNT></METHODS_COUNT><PREDEFINED>NO</PREDEFINED><INCOMPLETE>NO</INCOMPLETE><FINAL>NO</FINAL><INSTANTIABLE>YES</INSTANTIABLE><SUPERTYPE_OWNER></SUPERTYPE_OWNER><SUPERTYPE_NAME></SUPERTYPE_NAME></COLUMNS>
				<TEST_DATA_GROUPS>
				</TEST_DATA_GROUPS>
				<OT_ATTRIBUTES>
					<QU_OT_ATTRIBUTE><COLUMNS><UNIVERSAL_ID>{790DA639-BFBF-1247-E044-0003BA357108}</UNIVERSAL_ID><HARNESS_GUID>{790DA639-BFBE-1247-E044-0003BA357108}</HARNESS_GUID><ATTR_NAME><![CDATA[A_STRING]]></ATTR_NAME><ATTR_NO>1</ATTR_NO><ATTR_TYPE_MOD></ATTR_TYPE_MOD><ATTR_TYPE_OWNER></ATTR_TYPE_OWNER><ATTR_TYPE_NAME>VARCHAR2</ATTR_TYPE_NAME><DATA_TYPE_NAME>VARCHAR2(32767)</DATA_TYPE_NAME><LENGTH>4000</LENGTH><PRECISION></PRECISION><SCALE></SCALE><CHARACTER_SET_NAME>CHAR_CS</CHARACTER_SET_NAME><INHERITED>NO</INHERITED><DATA_TYPE_GUID>{A13E1D34-8283-4A8B-9463-1B427220581E}</DATA_TYPE_GUID><DATA_TYPE_NAME>VARCHAR2(32767)</DATA_TYPE_NAME><ARGUMENT_ALIAS>S$D$A_STRING</ARGUMENT_ALIAS><CONTROL_ALIAS>S$C$A_STRING</CONTROL_ALIAS>
							<CREATED_ON>2010-01-30T16:01:41</CREATED_ON><CREATED_BY>TEST_SCHEMA</CREATED_BY><CHANGED_ON>2010-01-30T16:01:41</CHANGED_ON><CHANGED_BY>TEST_SCHEMA</CHANGED_BY></COLUMNS></QU_OT_ATTRIBUTE>
				</OT_ATTRIBUTES>
				<UNIT_TESTS>
					<QU_UNIT_TEST>
						<COLUMNS><UNIVERSAL_ID>{790DA639-BFC0-1247-E044-0003BA357108}</UNIVERSAL_ID><HARNESS_GUID>{790DA639-BFBE-1247-E044-0003BA357108}</HARNESS_GUID><NAME><![CDATA[DOUBLE_STRING (Member Function - Sequence 1)]]></NAME>
							<DESCRIPTION><![CDATA[]]></DESCRIPTION>
							<PROGRAM_NAME><![CDATA[DOUBLE_STRING]]></PROGRAM_NAME><PROGRAM_TYPE>FUNCTION</PROGRAM_TYPE><OVERLOAD>1</OVERLOAD><UT_PROGRAM_NAME><![CDATA[Q##DOUBLE_STRING]]></UT_PROGRAM_NAME><TESTING_STATUS>Y</TESTING_STATUS><EXCEPTION_ON_FAILURE></EXCEPTION_ON_FAILURE>
							<CREATED_ON>2010-01-30T16:01:41</CREATED_ON><CREATED_BY>TEST_SCHEMA</CREATED_BY><CHANGED_ON>2010-01-30T16:01:41</CHANGED_ON><CHANGED_BY>TEST_SCHEMA</CHANGED_BY>
							<DECLARATIONS><![CDATA[]]></DECLARATIONS>
							<SETUP_CODE><![CDATA[]]></SETUP_CODE>
							<TEARDOWN_CODE><![CDATA[]]></TEARDOWN_CODE>
							<EXCEPTIONS><![CDATA[]]></EXCEPTIONS>
							<DECLARE_PROGRAMS><![CDATA[]]></DECLARE_PROGRAMS>
							<CONDITIONAL_EXECUTION><![CDATA[]]></CONDITIONAL_EXECUTION>
							<PROFILE_EXECUTION>N</PROFILE_EXECUTION><RANDOM_EXECUTION>N</RANDOM_EXECUTION><METHOD_NAME>DOUBLE_STRING</METHOD_NAME><METHOD_NO>1</METHOD_NO><METHOD_TYPE>PUBLIC</METHOD_TYPE><METHOD_DESCRIPTOR>MEMBER</METHOD_DESCRIPTOR><PARAMETERS>1</PARAMETERS>
							<RESULTS>1</RESULTS><FINAL>NO</FINAL><INSTANTIABLE>YES</INSTANTIABLE><OVERRIDING>NO</OVERRIDING><INHERITED>NO</INHERITED><START_LINE></START_LINE><END_LINE></END_LINE><CODE_COVERAGE_GOAL></CODE_COVERAGE_GOAL></COLUMNS>
						<TEST_ELEMENTS>
							<QU_TEST_ELEMENT>
								<COLUMNS><UNIVERSAL_ID>{790DA639-BFC1-1247-E044-0003BA357108}</UNIVERSAL_ID><UNIT_TEST_GUID>{790DA639-BFC0-1247-E044-0003BA357108}</UNIT_TEST_GUID><NAME><![CDATA[SELF]]></NAME><DATA_TYPE_GUID>{8FF11EF0-CABA-4411-90E7-6B28E2706B99}</DATA_TYPE_GUID><DATA_TYPE_NAME>"HR"."QRT#OT_MEMBERS1"</DATA_TYPE_NAME>
									<DESCRIPTION><![CDATA[Test element for "SELF"]]></DESCRIPTION>
									<DEFINITION><![CDATA[]]></DEFINITION>
									<DEFAULT_VALUE><![CDATA[NULL]]></DEFAULT_VALUE>
									<EXTERNAL_VALUE><![CDATA[NULL]]></EXTERNAL_VALUE>
									<IS_EXPRESSION>N</IS_EXPRESSION><ASSIGN_IN_SETUP>Y</ASSIGN_IN_SETUP><ELEMENT_TYPE>ARGUMENT</ELEMENT_TYPE><POSITION>1</POSITION><ARGUMENT_MODE>IN</ARGUMENT_MODE><ARGUMENT_ALIAS>L_SELF</ARGUMENT_ALIAS><CONTROL_ALIAS></CONTROL_ALIAS>
									<CREATED_ON>2010-01-30T16:01:41</CREATED_ON><CREATED_BY>TEST_SCHEMA</CREATED_BY><CHANGED_ON>2010-01-30T16:01:41</CHANGED_ON><CHANGED_BY>TEST_SCHEMA</CHANGED_BY>
									<PARAM_TYPE_MOD></PARAM_TYPE_MOD><PARAM_TYPE_OWNER>HR</PARAM_TYPE_OWNER><PARAM_TYPE_NAME>QRT#OT_MEMBERS1</PARAM_TYPE_NAME><CHARACTER_SET_NAME></CHARACTER_SET_NAME></COLUMNS>
								<ATTRIBUTES>
									<QU_ATTRIBUTES><COLUMNS><PARENT_GUID>{790DA639-BFC1-1247-E044-0003BA357108}</PARENT_GUID><USAGE_TYPE>DEFAULT</USAGE_TYPE>
											<INTERNAL_VALUE><![CDATA[]]></INTERNAL_VALUE>
											<EXTERNAL_VALUE><![CDATA[]]></EXTERNAL_VALUE>
											<IS_EXPRESSION>N</IS_EXPRESSION><VALUE1_IS_EXPR>N</VALUE1_IS_EXPR><VALUE2_IS_EXPR>N</VALUE2_IS_EXPR><VALUE3_IS_EXPR>N</VALUE3_IS_EXPR><VALUE4_IS_EXPR>N</VALUE4_IS_EXPR><VALUE5_IS_EXPR>N</VALUE5_IS_EXPR><VALUE6_IS_EXPR>N</VALUE6_IS_EXPR><TEST_ELEMENT_GUID>{790DA639-BFC1-1247-E044-0003BA357108}</TEST_ELEMENT_GUID><ASSIGN_IN_SETUP>N</ASSIGN_IN_SETUP><ARGUMENT_ALIAS></ARGUMENT_ALIAS><NO_LOCAL_DECLARATION>N</NO_LOCAL_DECLARATION><OT_ATTRIBUTE_GUID></OT_ATTRIBUTE_GUID>
											<CREATED_ON>2010-01-30T16:01:41</CREATED_ON><CREATED_BY>TEST_SCHEMA</CREATED_BY><CHANGED_ON>2010-01-30T16:01:41</CHANGED_ON><CHANGED_BY>TEST_SCHEMA</CHANGED_BY>
											<DATATYPE_DECLARE></DATATYPE_DECLARE>
											<VALUE1><![CDATA[]]></VALUE1>
											<VALUE2><![CDATA[]]></VALUE2>
											<VALUE3><![CDATA[]]></VALUE3>
											<VALUE4><![CDATA[]]></VALUE4>
											<VALUE5><![CDATA[]]></VALUE5>
											<VALUE6><![CDATA[]]></VALUE6></COLUMNS></QU_ATTRIBUTES>
								</ATTRIBUTES>
							</QU_TEST_ELEMENT>
							<QU_TEST_ELEMENT>
								<COLUMNS><UNIVERSAL_ID>{790DA639-BFC2-1247-E044-0003BA357108}</UNIVERSAL_ID><UNIT_TEST_GUID>{790DA639-BFC0-1247-E044-0003BA357108}</UNIT_TEST_GUID><NAME><![CDATA[[Function return value]]]></NAME><DATA_TYPE_GUID>{A13E1D34-8283-4A8B-9463-1B427220581E}</DATA_TYPE_GUID><DATA_TYPE_NAME>VARCHAR2(32767)</DATA_TYPE_NAME>
									<DESCRIPTION><![CDATA[Test element for function RETURN value]]></DESCRIPTION>
									<DEFINITION><![CDATA[]]></DEFINITION>
									<DEFAULT_VALUE><![CDATA[NULL]]></DEFAULT_VALUE>
									<EXTERNAL_VALUE><![CDATA[NULL]]></EXTERNAL_VALUE>
									<IS_EXPRESSION>N</IS_EXPRESSION><ASSIGN_IN_SETUP>N</ASSIGN_IN_SETUP><ELEMENT_TYPE>RETURN</ELEMENT_TYPE><POSITION>0</POSITION><ARGUMENT_MODE>OUT</ARGUMENT_MODE><ARGUMENT_ALIAS>Q##function_return_value</ARGUMENT_ALIAS><CONTROL_ALIAS></CONTROL_ALIAS>
									<CREATED_ON>2010-01-30T16:01:41</CREATED_ON><CREATED_BY>TEST_SCHEMA</CREATED_BY><CHANGED_ON>2010-01-30T16:01:41</CHANGED_ON><CHANGED_BY>TEST_SCHEMA</CHANGED_BY>
									<PARAM_TYPE_MOD>OUT</PARAM_TYPE_MOD><PARAM_TYPE_OWNER></PARAM_TYPE_OWNER><PARAM_TYPE_NAME></PARAM_TYPE_NAME><CHARACTER_SET_NAME></CHARACTER_SET_NAME></COLUMNS>
								<ATTRIBUTES>
									<QU_ATTRIBUTES><COLUMNS><PARENT_GUID>{790DA639-BFC2-1247-E044-0003BA357108}</PARENT_GUID><USAGE_TYPE>DEFAULT</USAGE_TYPE>
											<INTERNAL_VALUE><![CDATA[]]></INTERNAL_VALUE>
											<EXTERNAL_VALUE><![CDATA[]]></EXTERNAL_VALUE>
											<IS_EXPRESSION>N</IS_EXPRESSION><VALUE1_IS_EXPR>N</VALUE1_IS_EXPR><VALUE2_IS_EXPR>N</VALUE2_IS_EXPR><VALUE3_IS_EXPR>N</VALUE3_IS_EXPR><VALUE4_IS_EXPR>N</VALUE4_IS_EXPR><VALUE5_IS_EXPR>N</VALUE5_IS_EXPR><VALUE6_IS_EXPR>N</VALUE6_IS_EXPR><TEST_ELEMENT_GUID>{790DA639-BFC2-1247-E044-0003BA357108}</TEST_ELEMENT_GUID><ASSIGN_IN_SETUP>N</ASSIGN_IN_SETUP><ARGUMENT_ALIAS></ARGUMENT_ALIAS><NO_LOCAL_DECLARATION>N</NO_LOCAL_DECLARATION><OT_ATTRIBUTE_GUID></OT_ATTRIBUTE_GUID>
											<CREATED_ON>2010-01-30T16:01:41</CREATED_ON><CREATED_BY>TEST_SCHEMA</CREATED_BY><CHANGED_ON>2010-01-30T16:01:41</CHANGED_ON><CHANGED_BY>TEST_SCHEMA</CHANGED_BY>
											<DATATYPE_DECLARE></DATATYPE_DECLARE>
											<VALUE1><![CDATA[]]></VALUE1>
											<VALUE2><![CDATA[]]></VALUE2>
											<VALUE3><![CDATA[]]></VALUE3>
											<VALUE4><![CDATA[]]></VALUE4>
											<VALUE5><![CDATA[]]></VALUE5>
											<VALUE6><![CDATA[]]></VALUE6></COLUMNS></QU_ATTRIBUTES>
								</ATTRIBUTES>
							</QU_TEST_ELEMENT>
						</TEST_ELEMENTS>
						<TEST_CASES>
							<QU_TEST_CASE>
								<COLUMNS><UNIVERSAL_ID>{790DA639-BFC7-1247-E044-0003BA357108}</UNIVERSAL_ID>
									<UNIT_TEST_GUID>{790DA639-BFC0-1247-E044-0003BA357108}</UNIT_TEST_GUID>
									<NAME><![CDATA[dblstring_seq1_a]]></NAME>
									<DESCRIPTION><![CDATA[]]></DESCRIPTION>
									<REQUIREMENT><![CDATA[]]></REQUIREMENT>
									<TESTING_STATUS>Y</TESTING_STATUS>
									<PROGRAM_NAME><![CDATA[Q##DBLSTRING_SEQ1_A]]></PROGRAM_NAME>
									<EXCEPTION_ON_FAILURE></EXCEPTION_ON_FAILURE>
									<CREATED_ON>2010-01-30T16:01:41</CREATED_ON>
									<CREATED_BY>TEST_SCHEMA</CREATED_BY>
									<CHANGED_ON>2010-01-30T16:01:41</CHANGED_ON>
									<CHANGED_BY>TEST_SCHEMA</CHANGED_BY>
									<DECLARATIONS><![CDATA[]]></DECLARATIONS>
									<SETUP_CODE><![CDATA[ qu_result_xp.profile_this_test_case ;]]></SETUP_CODE>
									<PRE_EXECUTION_CODE><![CDATA[]]></PRE_EXECUTION_CODE>
									<POST_EXECUTION_CODE><![CDATA[]]></POST_EXECUTION_CODE>
									<ALT_EXECUTION_CODE><![CDATA[]]></ALT_EXECUTION_CODE>
									<ASSERTION_CODE><![CDATA[]]></ASSERTION_CODE>
									<TEARDOWN_CODE><![CDATA[]]></TEARDOWN_CODE>
									<EXCEPTIONS><![CDATA[]]></EXCEPTIONS>
									<PARAMETER_HASH_LIST></PARAMETER_HASH_LIST>
									<GENERATED_ON></GENERATED_ON>
									<IS_SIMPLE>N</IS_SIMPLE>
									<CODE_LOCATION></CODE_LOCATION>
									<DECLARE_PROGRAMS><![CDATA[]]></DECLARE_PROGRAMS>
									<GENERATION_TAG><![CDATA[20091123090954]]></GENERATION_TAG>
									<IS_DYNAMIC>N</IS_DYNAMIC>
									<CORRELATE_VALUES>Y</CORRELATE_VALUES>
									<CONDITIONAL_EXECUTION><![CDATA[]]></CONDITIONAL_EXECUTION>
									<RUN_WHEN_UT_FAILS>Y</RUN_WHEN_UT_FAILS>
									<ROLLBACK_BEFORE>Y</ROLLBACK_BEFORE>
									<ROLLBACK_AFTER>Y</ROLLBACK_AFTER>
									<COMMIT_BEFORE>N</COMMIT_BEFORE>
									<COMMIT_AFTER>N</COMMIT_AFTER>
									<PROFILE_EXECUTION>N</PROFILE_EXECUTION></COLUMNS>
								<INPUTS>
									<QU_INPUT>
										<COLUMNS><UNIVERSAL_ID>{FF95C8DB-E91B-4EBA-9F0E-3F36AD8E7364}</UNIVERSAL_ID><TEST_CASE_GUID>{790DA639-BFC7-1247-E044-0003BA357108}</TEST_CASE_GUID><TEST_ELEMENT_GUID></TEST_ELEMENT_GUID>
											<INTERNAL_VALUE><![CDATA[test]]></INTERNAL_VALUE>
											<EXTERNAL_VALUE><![CDATA['test']]></EXTERNAL_VALUE>
											<IS_EXPRESSION>N</IS_EXPRESSION><ASSIGN_IN_SETUP>N</ASSIGN_IN_SETUP><ARGUMENT_ALIAS>i_A_STRING</ARGUMENT_ALIAS>
											<CREATED_ON>2010-01-30T16:01:41</CREATED_ON><CREATED_BY>TEST_SCHEMA</CREATED_BY><CHANGED_ON>2010-01-30T16:01:41</CHANGED_ON><CHANGED_BY>TEST_SCHEMA</CHANGED_BY>
											<SETUP_CODE><![CDATA[]]></SETUP_CODE>
											<TEARDOWN_CODE><![CDATA[]]></TEARDOWN_CODE>
											<INTVAL_HDR_GUID></INTVAL_HDR_GUID><USE_DEFAULT_VALUE>N</USE_DEFAULT_VALUE><OT_ATTRIBUTE_GUID>{790DA639-BFBF-1247-E044-0003BA357108}</OT_ATTRIBUTE_GUID><USER_EXTENSION>{790DA639-BFBF-1247-E044-0003BA357108}</USER_EXTENSION></COLUMNS>
										<ATTRIBUTES>
											<QU_ATTRIBUTES><COLUMNS><PARENT_GUID>{FF95C8DB-E91B-4EBA-9F0E-3F36AD8E7364}</PARENT_GUID><USAGE_TYPE>INPUT</USAGE_TYPE>
													<INTERNAL_VALUE><![CDATA[NULL]]></INTERNAL_VALUE>
													<EXTERNAL_VALUE><![CDATA[]]></EXTERNAL_VALUE>
													<IS_EXPRESSION>N</IS_EXPRESSION><VALUE1_IS_EXPR>N</VALUE1_IS_EXPR><VALUE2_IS_EXPR>N</VALUE2_IS_EXPR><VALUE3_IS_EXPR>N</VALUE3_IS_EXPR><VALUE4_IS_EXPR>N</VALUE4_IS_EXPR><VALUE5_IS_EXPR>N</VALUE5_IS_EXPR><VALUE6_IS_EXPR>N</VALUE6_IS_EXPR><TEST_ELEMENT_GUID></TEST_ELEMENT_GUID><ASSIGN_IN_SETUP>N</ASSIGN_IN_SETUP><ARGUMENT_ALIAS>V858436147</ARGUMENT_ALIAS><NO_LOCAL_DECLARATION>N</NO_LOCAL_DECLARATION><OT_ATTRIBUTE_GUID>{790DA639-BFBF-1247-E044-0003BA357108}</OT_ATTRIBUTE_GUID>
													<CREATED_ON>2010-01-30T16:01:41</CREATED_ON><CREATED_BY>TEST_SCHEMA</CREATED_BY><CHANGED_ON>2010-01-30T16:01:41</CHANGED_ON><CHANGED_BY>TEST_SCHEMA</CHANGED_BY>
													<DATATYPE_DECLARE>VARCHAR2(32767)</DATATYPE_DECLARE>
													<VALUE1><![CDATA[]]></VALUE1>
													<VALUE2><![CDATA[]]></VALUE2>
													<VALUE3><![CDATA[]]></VALUE3>
													<VALUE4><![CDATA[]]></VALUE4>
													<VALUE5><![CDATA[]]></VALUE5>
													<VALUE6><![CDATA[]]></VALUE6></COLUMNS></QU_ATTRIBUTES>
										</ATTRIBUTES>
										<RESULTS>
											<QU_RESULT><COLUMNS><UNIVERSAL_ID>{927F1C6F-C767-4154-98A8-2C279F292169}</UNIVERSAL_ID><RESULT_LEVEL>INPUT</RESULT_LEVEL><RESULT_UNIVERSAL_ID>{FF95C8DB-E91B-4EBA-9F0E-3F36AD8E7364}</RESULT_UNIVERSAL_ID><PARENT_UNIVERSAL_ID>{DBCAEF0E-6E4A-4403-BC28-61937F07F54E}</PARENT_UNIVERSAL_ID><RESULT_STATUS>SUCCESS</RESULT_STATUS>
													<DESCRIPTION><![CDATA[test]]></DESCRIPTION>
													<START_ON>2010-01-30T16:22:23.799000000</START_ON><END_ON>2010-01-30T16:22:23.799000000</END_ON>
													<HARNESS_GUID>{213CD4EE-7546-4B8B-8AA6-03CFB54C187E}</HARNESS_GUID>
													<CREATED_ON>2010-01-30T16:22:23</CREATED_ON><CREATED_BY>TEST_SCHEMA</CREATED_BY><CHANGED_ON>2010-01-30T16:22:23</CHANGED_ON><CHANGED_BY>TEST_SCHEMA</CHANGED_BY>
													<NAME><![CDATA[SELF.A_STRING]]></NAME><ITERATION>0</ITERATION><ELAPSED_TIME></ELAPSED_TIME>
													<CLOB_VALUE><![CDATA[test]]></CLOB_VALUE></COLUMNS></QU_RESULT>
											<QU_RESULT><COLUMNS><UNIVERSAL_ID>{3C219988-77E4-46C1-91BD-8014B9263F6E}</UNIVERSAL_ID><RESULT_LEVEL>INPUT</RESULT_LEVEL><RESULT_UNIVERSAL_ID>{FF95C8DB-E91B-4EBA-9F0E-3F36AD8E7364}</RESULT_UNIVERSAL_ID><PARENT_UNIVERSAL_ID>{B6E5138D-2800-43A6-B1B9-6F6B02AFFBB1}</PARENT_UNIVERSAL_ID><RESULT_STATUS>SUCCESS</RESULT_STATUS>
													<DESCRIPTION><![CDATA[test]]></DESCRIPTION>
													<START_ON>2010-01-30T16:11:18.890000000</START_ON><END_ON>2010-01-30T16:11:18.890000000</END_ON>
													<HARNESS_GUID>{ADCC0090-AC7B-4BF8-8DEB-B7966BCCEC13}</HARNESS_GUID>
													<CREATED_ON>2010-01-30T16:11:19</CREATED_ON><CREATED_BY>TEST_SCHEMA</CREATED_BY><CHANGED_ON>2010-01-30T16:11:19</CHANGED_ON><CHANGED_BY>TEST_SCHEMA</CHANGED_BY>
													<NAME><![CDATA[SELF.A_STRING]]></NAME><ITERATION>0</ITERATION><ELAPSED_TIME></ELAPSED_TIME>
													<CLOB_VALUE><![CDATA[test]]></CLOB_VALUE></COLUMNS></QU_RESULT>
											<QU_RESULT><COLUMNS><UNIVERSAL_ID>{798EAED1-3598-405E-ABD1-3DE0475CF8C2}</UNIVERSAL_ID><RESULT_LEVEL>INPUT</RESULT_LEVEL><RESULT_UNIVERSAL_ID>{FF95C8DB-E91B-4EBA-9F0E-3F36AD8E7364}</RESULT_UNIVERSAL_ID><PARENT_UNIVERSAL_ID>{B39134FD-B9B1-4F2A-A8CD-1C15A6862653}</PARENT_UNIVERSAL_ID><RESULT_STATUS>SUCCESS</RESULT_STATUS>
													<DESCRIPTION><![CDATA[test]]></DESCRIPTION>
													<START_ON>2010-01-30T16:09:03.552000000</START_ON><END_ON>2010-01-30T16:09:03.552000000</END_ON>
													<HARNESS_GUID>{64B9EE5C-0138-40A6-8ACF-C1A55A0488C2}</HARNESS_GUID>
													<CREATED_ON>2010-01-30T16:09:03</CREATED_ON><CREATED_BY>TEST_SCHEMA</CREATED_BY><CHANGED_ON>2010-01-30T16:09:03</CHANGED_ON><CHANGED_BY>TEST_SCHEMA</CHANGED_BY>
													<NAME><![CDATA[SELF.A_STRING]]></NAME><ITERATION>0</ITERATION><ELAPSED_TIME></ELAPSED_TIME>
													<CLOB_VALUE><![CDATA[test]]></CLOB_VALUE></COLUMNS></QU_RESULT>
										</RESULTS>
									</QU_INPUT>
								</INPUTS>
								<OUTCOMES>
									<QU_OUTCOME>
										<COLUMNS><UNIVERSAL_ID>{C0AE0BEA-0759-4589-A8D3-3467697F14BB}</UNIVERSAL_ID><TEST_CASE_GUID>{790DA639-BFC7-1247-E044-0003BA357108}</TEST_CASE_GUID><ASSERTION_TYPE_GUID>{43E3B49A-0877-4F51-9526-DCBF345F1563}</ASSERTION_TYPE_GUID><NULL_OK>Y</NULL_OK><RAISE_EXCEPTION>N</RAISE_EXCEPTION><CUSTOM_ASSERT_ONLY>N</CUSTOM_ASSERT_ONLY><NAME><![CDATA[Scalar is equal to the expected value?]]></NAME><TESTING_STATUS>Y</TESTING_STATUS>
											<CREATED_ON>2010-01-30T16:01:41</CREATED_ON><CREATED_BY>TEST_SCHEMA</CREATED_BY><CHANGED_ON>2010-01-30T16:01:41</CHANGED_ON><CHANGED_BY>TEST_SCHEMA</CHANGED_BY>
											<TEMPLATE_GUID>{25499982-A764-42F8-9A6F-C3E416CD3655}</TEMPLATE_GUID><DESCRIPTION><![CDATA[]]></DESCRIPTION>
											<ASSERTION_CODE><![CDATA[]]></ASSERTION_CODE>
											<CODE_LOCATION></CODE_LOCATION><DECLARE_PROGRAMS><![CDATA[]]></DECLARE_PROGRAMS>
											<SETUP_CODE><![CDATA[]]></SETUP_CODE>
											<TEARDOWN_CODE><![CDATA[]]></TEARDOWN_CODE><COLUMN_SET_GUID></COLUMN_SET_GUID><INTVAL_HDR_GUID></INTVAL_HDR_GUID><USER_EXTENSION></USER_EXTENSION></COLUMNS>
										<ATTRIBUTES>
											<QU_ATTRIBUTES><COLUMNS><PARENT_GUID>{C0AE0BEA-0759-4589-A8D3-3467697F14BB}</PARENT_GUID><USAGE_TYPE>CONTROL</USAGE_TYPE>
													<INTERNAL_VALUE><![CDATA[i_A_STRING || i_A_STRING]]></INTERNAL_VALUE>
													<EXTERNAL_VALUE><![CDATA[i_A_STRING || i_A_STRING]]></EXTERNAL_VALUE>
													<IS_EXPRESSION>Y</IS_EXPRESSION><VALUE1_IS_EXPR>N</VALUE1_IS_EXPR><VALUE2_IS_EXPR>N</VALUE2_IS_EXPR><VALUE3_IS_EXPR>N</VALUE3_IS_EXPR><VALUE4_IS_EXPR>N</VALUE4_IS_EXPR><VALUE5_IS_EXPR>N</VALUE5_IS_EXPR><VALUE6_IS_EXPR>N</VALUE6_IS_EXPR><TEST_ELEMENT_GUID>{790DA639-BFC2-1247-E044-0003BA357108}</TEST_ELEMENT_GUID><ASSIGN_IN_SETUP>N</ASSIGN_IN_SETUP><ARGUMENT_ALIAS>e_Function_return_value1</ARGUMENT_ALIAS><NO_LOCAL_DECLARATION>N</NO_LOCAL_DECLARATION><OT_ATTRIBUTE_GUID></OT_ATTRIBUTE_GUID>
													<CREATED_ON>2010-01-30T16:01:41</CREATED_ON><CREATED_BY>TEST_SCHEMA</CREATED_BY><CHANGED_ON>2010-01-30T16:01:41</CHANGED_ON><CHANGED_BY>TEST_SCHEMA</CHANGED_BY>
													<DATATYPE_DECLARE>VARCHAR2(32767)</DATATYPE_DECLARE>
													<VALUE1><![CDATA[]]></VALUE1>
													<VALUE2><![CDATA[]]></VALUE2>
													<VALUE3><![CDATA[]]></VALUE3>
													<VALUE4><![CDATA[]]></VALUE4>
													<VALUE5><![CDATA[]]></VALUE5>
													<VALUE6><![CDATA[]]></VALUE6></COLUMNS></QU_ATTRIBUTES>
											<QU_ATTRIBUTES><COLUMNS><PARENT_GUID>{C0AE0BEA-0759-4589-A8D3-3467697F14BB}</PARENT_GUID><USAGE_TYPE>RESULT</USAGE_TYPE>
													<INTERNAL_VALUE><![CDATA[NULL]]></INTERNAL_VALUE>
													<EXTERNAL_VALUE><![CDATA[NULL]]></EXTERNAL_VALUE>
													<IS_EXPRESSION>N</IS_EXPRESSION><VALUE1_IS_EXPR>N</VALUE1_IS_EXPR><VALUE2_IS_EXPR>N</VALUE2_IS_EXPR><VALUE3_IS_EXPR>N</VALUE3_IS_EXPR><VALUE4_IS_EXPR>N</VALUE4_IS_EXPR><VALUE5_IS_EXPR>N</VALUE5_IS_EXPR><VALUE6_IS_EXPR>N</VALUE6_IS_EXPR><TEST_ELEMENT_GUID>{790DA639-BFC2-1247-E044-0003BA357108}</TEST_ELEMENT_GUID><ASSIGN_IN_SETUP>N</ASSIGN_IN_SETUP><ARGUMENT_ALIAS>Q##function_return_value</ARGUMENT_ALIAS><NO_LOCAL_DECLARATION>N</NO_LOCAL_DECLARATION><OT_ATTRIBUTE_GUID></OT_ATTRIBUTE_GUID>
													<CREATED_ON>2010-01-30T16:01:41</CREATED_ON><CREATED_BY>TEST_SCHEMA</CREATED_BY><CHANGED_ON>2010-01-30T16:01:41</CHANGED_ON><CHANGED_BY>TEST_SCHEMA</CHANGED_BY>
													<DATATYPE_DECLARE>VARCHAR2(32767)</DATATYPE_DECLARE>
													<VALUE1><![CDATA[]]></VALUE1>
													<VALUE2><![CDATA[]]></VALUE2>
													<VALUE3><![CDATA[]]></VALUE3>
													<VALUE4><![CDATA[]]></VALUE4>
													<VALUE5><![CDATA[]]></VALUE5>
													<VALUE6><![CDATA[]]></VALUE6></COLUMNS></QU_ATTRIBUTES>
										</ATTRIBUTES>
										<RESULTS>
											<QU_RESULT><COLUMNS><UNIVERSAL_ID>{C7EC47CF-9EE8-43D1-9E39-F2CA32920393}</UNIVERSAL_ID><RESULT_LEVEL>OUTCOME</RESULT_LEVEL><RESULT_UNIVERSAL_ID>{C0AE0BEA-0759-4589-A8D3-3467697F14BB}</RESULT_UNIVERSAL_ID><PARENT_UNIVERSAL_ID>{DBCAEF0E-6E4A-4403-BC28-61937F07F54E}</PARENT_UNIVERSAL_ID><RESULT_STATUS>SUCCESS</RESULT_STATUS>
													<DESCRIPTION><![CDATA[ From Program Value of "testtest" = Expected Value "testtest"]]></DESCRIPTION>
													<START_ON>2010-01-30T16:22:23.752000000</START_ON><END_ON>2010-01-30T16:22:23.830000000</END_ON>
													<HARNESS_GUID>{213CD4EE-7546-4B8B-8AA6-03CFB54C187E}</HARNESS_GUID>
													<CREATED_ON>2010-01-30T16:22:23</CREATED_ON><CREATED_BY>TEST_SCHEMA</CREATED_BY><CHANGED_ON>2010-01-30T16:22:23</CHANGED_ON><CHANGED_BY>TEST_SCHEMA</CHANGED_BY>
													<NAME><![CDATA[Scalar is equal to the expected value?]]></NAME><ITERATION>0</ITERATION><ELAPSED_TIME></ELAPSED_TIME></COLUMNS></QU_RESULT>
											<QU_RESULT><COLUMNS><UNIVERSAL_ID>{67DBE8D3-7B40-4A3F-8EDC-84544E3D4AD0}</UNIVERSAL_ID><RESULT_LEVEL>OUTCOME</RESULT_LEVEL><RESULT_UNIVERSAL_ID>{C0AE0BEA-0759-4589-A8D3-3467697F14BB}</RESULT_UNIVERSAL_ID><PARENT_UNIVERSAL_ID>{B6E5138D-2800-43A6-B1B9-6F6B02AFFBB1}</PARENT_UNIVERSAL_ID><RESULT_STATUS>SUCCESS</RESULT_STATUS>
													<DESCRIPTION><![CDATA[ From Program Value of "testtest" = Expected Value "testtest"]]></DESCRIPTION>
													<START_ON>2010-01-30T16:11:18.859000000</START_ON><END_ON>2010-01-30T16:11:18.937000000</END_ON>
													<HARNESS_GUID>{ADCC0090-AC7B-4BF8-8DEB-B7966BCCEC13}</HARNESS_GUID>
													<CREATED_ON>2010-01-30T16:11:18</CREATED_ON><CREATED_BY>TEST_SCHEMA</CREATED_BY><CHANGED_ON>2010-01-30T16:11:18</CHANGED_ON><CHANGED_BY>TEST_SCHEMA</CHANGED_BY>
													<NAME><![CDATA[Scalar is equal to the expected value?]]></NAME><ITERATION>0</ITERATION><ELAPSED_TIME></ELAPSED_TIME></COLUMNS></QU_RESULT>
											<QU_RESULT><COLUMNS><UNIVERSAL_ID>{2EAFAAE0-D8C1-4B4F-B221-4E94425F315A}</UNIVERSAL_ID><RESULT_LEVEL>OUTCOME</RESULT_LEVEL><RESULT_UNIVERSAL_ID>{C0AE0BEA-0759-4589-A8D3-3467697F14BB}</RESULT_UNIVERSAL_ID><PARENT_UNIVERSAL_ID>{B39134FD-B9B1-4F2A-A8CD-1C15A6862653}</PARENT_UNIVERSAL_ID><RESULT_STATUS></RESULT_STATUS>
													<DESCRIPTION><![CDATA[No test results available at this level.]]></DESCRIPTION>
													<START_ON>2010-01-30T16:09:03.506000000</START_ON><END_ON>2010-01-30T16:09:03.506000000</END_ON>
													<HARNESS_GUID>{64B9EE5C-0138-40A6-8ACF-C1A55A0488C2}</HARNESS_GUID>
													<CREATED_ON>2010-01-30T16:09:03</CREATED_ON><CREATED_BY>TEST_SCHEMA</CREATED_BY><CHANGED_ON>2010-01-30T16:09:03</CHANGED_ON><CHANGED_BY>TEST_SCHEMA</CHANGED_BY>
													<NAME><![CDATA[Scalar is equal to the expected value?]]></NAME><ITERATION>0</ITERATION><ELAPSED_TIME></ELAPSED_TIME></COLUMNS></QU_RESULT>
										</RESULTS>
									</QU_OUTCOME>
								</OUTCOMES>
								<CODE_COVERAGE>
									<QU_CODE_COVERAGE_HDR><COLUMNS><UNIVERSAL_ID>{11AE25CC-BBBC-400B-B289-569E573B4F6A}</UNIVERSAL_ID><RESULT_RUN_GUID>{350A7F36-B22C-4DD4-8462-DE85BBEA517A}</RESULT_RUN_GUID><TEST_CASE_GUID>{790DA639-BFC7-1247-E044-0003BA357108}</TEST_CASE_GUID><RUNID>12</RUNID><RUN_COMMENT><![CDATA[DOUBLE_STRING-1-dblstring_seq1_a-0-{790DA639-BFC7-1247-E044-0003BA357108}]]></RUN_COMMENT><RUN_TOTAL_TIME>2794362</RUN_TOTAL_TIME><RUN_SYSTEM_INFO><![CDATA[]]></RUN_SYSTEM_INFO><RUN_COMMENT1><![CDATA[]]></RUN_COMMENT1><UNIT_NUMBER>3</UNIT_NUMBER><UNIT_TYPE>FUNCTION</UNIT_TYPE><UNIT_OWNER>HR</UNIT_OWNER><UNIT_NAME>DOUBLE_STRING</UNIT_NAME><UNIT_TIMESTAMP>2010-01-27T08:29:11</UNIT_TIMESTAMP><TOTAL_TIME></TOTAL_TIME>
											<CREATED_ON>2010-01-30T16:01:41</CREATED_ON><CREATED_BY>TEST_SCHEMA</CREATED_BY><CHANGED_ON>2010-01-30T16:01:41</CHANGED_ON><CHANGED_BY>TEST_SCHEMA</CHANGED_BY></COLUMNS>
										<CODE_COVERAGE_DATA_ITEMS>
											<QU_CODE_COVERAGE_DATA><COLUMNS><CODE_COVERAGE_HDR_GUID>{11AE25CC-BBBC-400B-B289-569E573B4F6A}</CODE_COVERAGE_HDR_GUID><LINE>7</LINE>
													<TEXT><![CDATA[      RETURN self.a_string || self.a_string;]]></TEXT>
													<TOTAL_OCCUR>1</TOTAL_OCCUR><TOTAL_TIME>2331</TOTAL_TIME><MIN_TIME>2331</MIN_TIME><MAX_TIME>2331</MAX_TIME>
													<CREATED_ON>2010-01-30T16:01:41</CREATED_ON><CREATED_BY>TEST_SCHEMA</CREATED_BY><CHANGED_ON>2010-01-30T16:01:41</CHANGED_ON><CHANGED_BY>TEST_SCHEMA</CHANGED_BY></COLUMNS></QU_CODE_COVERAGE_DATA>
											<QU_CODE_COVERAGE_DATA><COLUMNS><CODE_COVERAGE_HDR_GUID>{11AE25CC-BBBC-400B-B289-569E573B4F6A}</CODE_COVERAGE_HDR_GUID><LINE>8</LINE>
													<TEXT><![CDATA[   END;]]></TEXT>
													<TOTAL_OCCUR>1</TOTAL_OCCUR><TOTAL_TIME>608</TOTAL_TIME><MIN_TIME>608</MIN_TIME><MAX_TIME>608</MAX_TIME>
													<CREATED_ON>2010-01-30T16:01:41</CREATED_ON><CREATED_BY>TEST_SCHEMA</CREATED_BY><CHANGED_ON>2010-01-30T16:01:41</CHANGED_ON><CHANGED_BY>TEST_SCHEMA</CHANGED_BY></COLUMNS></QU_CODE_COVERAGE_DATA>
										</CODE_COVERAGE_DATA_ITEMS>
									</QU_CODE_COVERAGE_HDR>
									<QU_CODE_COVERAGE_HDR><COLUMNS><UNIVERSAL_ID>{F1C9B434-2914-46D4-812A-0E4044084968}</UNIVERSAL_ID><RESULT_RUN_GUID>{ADCC0090-AC7B-4BF8-8DEB-B7966BCCEC13}</RESULT_RUN_GUID><TEST_CASE_GUID>{790DA639-BFC7-1247-E044-0003BA357108}</TEST_CASE_GUID><RUNID>4</RUNID><RUN_COMMENT><![CDATA[DOUBLE_STRING-1-dblstring_seq1_a-0-{790DA639-BFC7-1247-E044-0003BA357108}]]></RUN_COMMENT><RUN_TOTAL_TIME>7999999</RUN_TOTAL_TIME><RUN_SYSTEM_INFO><![CDATA[]]></RUN_SYSTEM_INFO><RUN_COMMENT1><![CDATA[]]></RUN_COMMENT1><UNIT_NUMBER>7</UNIT_NUMBER><UNIT_TYPE>FUNCTION</UNIT_TYPE><UNIT_OWNER>TEST_SCHEMA</UNIT_OWNER><UNIT_NAME>DOUBLE_STRING</UNIT_NAME><UNIT_TIMESTAMP>2010-01-30T16:11:15</UNIT_TIMESTAMP><TOTAL_TIME>0</TOTAL_TIME>
											<CREATED_ON>2010-01-30T16:11:19</CREATED_ON><CREATED_BY>TEST_SCHEMA</CREATED_BY><CHANGED_ON>2010-01-30T16:11:19</CHANGED_ON><CHANGED_BY>TEST_SCHEMA</CHANGED_BY></COLUMNS>
										<CODE_COVERAGE_DATA_ITEMS>
											<QU_CODE_COVERAGE_DATA><COLUMNS><CODE_COVERAGE_HDR_GUID>{F1C9B434-2914-46D4-812A-0E4044084968}</CODE_COVERAGE_HDR_GUID><LINE>7</LINE>
													<TEXT><![CDATA[      RETURN self.a_string || self.a_string;]]></TEXT>
													<TOTAL_OCCUR>1</TOTAL_OCCUR><TOTAL_TIME>1542</TOTAL_TIME><MIN_TIME>1542</MIN_TIME><MAX_TIME>1542</MAX_TIME>
													<CREATED_ON>2010-01-30T16:11:19</CREATED_ON><CREATED_BY>TEST_SCHEMA</CREATED_BY><CHANGED_ON>2010-01-30T16:11:19</CHANGED_ON><CHANGED_BY>TEST_SCHEMA</CHANGED_BY></COLUMNS></QU_CODE_COVERAGE_DATA>
											<QU_CODE_COVERAGE_DATA><COLUMNS><CODE_COVERAGE_HDR_GUID>{F1C9B434-2914-46D4-812A-0E4044084968}</CODE_COVERAGE_HDR_GUID><LINE>8</LINE>
													<TEXT><![CDATA[   END;]]></TEXT>
													<TOTAL_OCCUR>1</TOTAL_OCCUR><TOTAL_TIME>349</TOTAL_TIME><MIN_TIME>349</MIN_TIME><MAX_TIME>349</MAX_TIME>
													<CREATED_ON>2010-01-30T16:11:19</CREATED_ON><CREATED_BY>TEST_SCHEMA</CREATED_BY><CHANGED_ON>2010-01-30T16:11:19</CHANGED_ON><CHANGED_BY>TEST_SCHEMA</CHANGED_BY></COLUMNS></QU_CODE_COVERAGE_DATA>
										</CODE_COVERAGE_DATA_ITEMS>
									</QU_CODE_COVERAGE_HDR>
									<QU_CODE_COVERAGE_HDR><COLUMNS><UNIVERSAL_ID>{7699AC86-EB48-4F0D-B412-D86BC75E4EA0}</UNIVERSAL_ID><RESULT_RUN_GUID>{213CD4EE-7546-4B8B-8AA6-03CFB54C187E}</RESULT_RUN_GUID><TEST_CASE_GUID>{790DA639-BFC7-1247-E044-0003BA357108}</TEST_CASE_GUID><RUNID>5</RUNID><RUN_COMMENT><![CDATA[DOUBLE_STRING-1-dblstring_seq1_a-0-{790DA639-BFC7-1247-E044-0003BA357108}]]></RUN_COMMENT><RUN_TOTAL_TIME>6999999</RUN_TOTAL_TIME><RUN_SYSTEM_INFO><![CDATA[]]></RUN_SYSTEM_INFO><RUN_COMMENT1><![CDATA[]]></RUN_COMMENT1><UNIT_NUMBER>7</UNIT_NUMBER><UNIT_TYPE>FUNCTION</UNIT_TYPE><UNIT_OWNER>TEST_SCHEMA</UNIT_OWNER><UNIT_NAME>DOUBLE_STRING</UNIT_NAME><UNIT_TIMESTAMP>2010-01-30T16:11:15</UNIT_TIMESTAMP><TOTAL_TIME>0</TOTAL_TIME>
											<CREATED_ON>2010-01-30T16:22:24</CREATED_ON><CREATED_BY>TEST_SCHEMA</CREATED_BY><CHANGED_ON>2010-01-30T16:22:24</CHANGED_ON><CHANGED_BY>TEST_SCHEMA</CHANGED_BY></COLUMNS>
										<CODE_COVERAGE_DATA_ITEMS>
											<QU_CODE_COVERAGE_DATA><COLUMNS><CODE_COVERAGE_HDR_GUID>{7699AC86-EB48-4F0D-B412-D86BC75E4EA0}</CODE_COVERAGE_HDR_GUID><LINE>7</LINE>
													<TEXT><![CDATA[      RETURN self.a_string || self.a_string;]]></TEXT>
													<TOTAL_OCCUR>1</TOTAL_OCCUR><TOTAL_TIME>1172</TOTAL_TIME><MIN_TIME>1172</MIN_TIME><MAX_TIME>1172</MAX_TIME>
													<CREATED_ON>2010-01-30T16:22:24</CREATED_ON><CREATED_BY>TEST_SCHEMA</CREATED_BY><CHANGED_ON>2010-01-30T16:22:24</CHANGED_ON><CHANGED_BY>TEST_SCHEMA</CHANGED_BY></COLUMNS></QU_CODE_COVERAGE_DATA>
											<QU_CODE_COVERAGE_DATA><COLUMNS><CODE_COVERAGE_HDR_GUID>{7699AC86-EB48-4F0D-B412-D86BC75E4EA0}</CODE_COVERAGE_HDR_GUID><LINE>8</LINE>
													<TEXT><![CDATA[   END;]]></TEXT>
													<TOTAL_OCCUR>1</TOTAL_OCCUR><TOTAL_TIME>357</TOTAL_TIME><MIN_TIME>357</MIN_TIME><MAX_TIME>357</MAX_TIME>
													<CREATED_ON>2010-01-30T16:22:24</CREATED_ON><CREATED_BY>TEST_SCHEMA</CREATED_BY><CHANGED_ON>2010-01-30T16:22:24</CHANGED_ON><CHANGED_BY>TEST_SCHEMA</CHANGED_BY></COLUMNS></QU_CODE_COVERAGE_DATA>
										</CODE_COVERAGE_DATA_ITEMS>
									</QU_CODE_COVERAGE_HDR>
								</CODE_COVERAGE>
								<RESULTS>
									<QU_RESULT><COLUMNS><UNIVERSAL_ID>{DBCAEF0E-6E4A-4403-BC28-61937F07F54E}</UNIVERSAL_ID><RESULT_LEVEL>TESTCASE</RESULT_LEVEL><RESULT_UNIVERSAL_ID>{790DA639-BFC7-1247-E044-0003BA357108}</RESULT_UNIVERSAL_ID><PARENT_UNIVERSAL_ID>{563232C0-74AC-42F4-9263-528A72719774}</PARENT_UNIVERSAL_ID><RESULT_STATUS>SUCCESS</RESULT_STATUS>
											<DESCRIPTION><![CDATA[Test succeeded up to this level.]]></DESCRIPTION>
											<START_ON>2010-01-30T16:22:23.783000000</START_ON><END_ON>2010-01-30T16:22:23.830000000</END_ON>
											<HARNESS_GUID>{213CD4EE-7546-4B8B-8AA6-03CFB54C187E}</HARNESS_GUID>
											<CREATED_ON>2010-01-30T16:22:23</CREATED_ON><CREATED_BY>TEST_SCHEMA</CREATED_BY><CHANGED_ON>2010-01-30T16:22:24</CHANGED_ON><CHANGED_BY>TEST_SCHEMA</CHANGED_BY>
											<NAME><![CDATA[dblstring_seq1_a]]></NAME><ITERATION>0</ITERATION><ELAPSED_TIME></ELAPSED_TIME></COLUMNS></QU_RESULT>
									<QU_RESULT><COLUMNS><UNIVERSAL_ID>{B6E5138D-2800-43A6-B1B9-6F6B02AFFBB1}</UNIVERSAL_ID><RESULT_LEVEL>TESTCASE</RESULT_LEVEL><RESULT_UNIVERSAL_ID>{790DA639-BFC7-1247-E044-0003BA357108}</RESULT_UNIVERSAL_ID><PARENT_UNIVERSAL_ID>{A2C8673B-07D5-4A0C-B58E-96944308C909}</PARENT_UNIVERSAL_ID><RESULT_STATUS>SUCCESS</RESULT_STATUS>
											<DESCRIPTION><![CDATA[Test succeeded up to this level.]]></DESCRIPTION>
											<START_ON>2010-01-30T16:11:18.890000000</START_ON><END_ON>2010-01-30T16:11:18.937000000</END_ON>
											<HARNESS_GUID>{ADCC0090-AC7B-4BF8-8DEB-B7966BCCEC13}</HARNESS_GUID>
											<CREATED_ON>2010-01-30T16:11:18</CREATED_ON><CREATED_BY>TEST_SCHEMA</CREATED_BY><CHANGED_ON>2010-01-30T16:11:19</CHANGED_ON><CHANGED_BY>TEST_SCHEMA</CHANGED_BY>
											<NAME><![CDATA[dblstring_seq1_a]]></NAME><ITERATION>0</ITERATION><ELAPSED_TIME></ELAPSED_TIME></COLUMNS></QU_RESULT>
									<QU_RESULT><COLUMNS><UNIVERSAL_ID>{B39134FD-B9B1-4F2A-A8CD-1C15A6862653}</UNIVERSAL_ID><RESULT_LEVEL>TESTCASE</RESULT_LEVEL><RESULT_UNIVERSAL_ID>{790DA639-BFC7-1247-E044-0003BA357108}</RESULT_UNIVERSAL_ID><PARENT_UNIVERSAL_ID>{F99EDAEF-D0CD-4612-952E-B69FC0652816}</PARENT_UNIVERSAL_ID><RESULT_STATUS>RUNTIME-ERROR</RESULT_STATUS>
											<DESCRIPTION><![CDATA[ORA-04067: not executed, type body "TEST_SCHEMA.QRT#OT_MEMBERS1" does not exist
ORA-06508: PL/SQL: could not find program unit being called

PL/SQL Error Backtrace: 
ORA-06512: at "TEST_SCHEMA.Q##QRT#OT_MEMBERS1", line 272
]]></DESCRIPTION>
											<START_ON>2010-01-30T16:09:03.537000000</START_ON><END_ON>2010-01-30T16:09:03.568000000</END_ON>
											<HARNESS_GUID>{64B9EE5C-0138-40A6-8ACF-C1A55A0488C2}</HARNESS_GUID>
											<CREATED_ON>2010-01-30T16:09:03</CREATED_ON><CREATED_BY>TEST_SCHEMA</CREATED_BY><CHANGED_ON>2010-01-30T16:09:03</CHANGED_ON><CHANGED_BY>TEST_SCHEMA</CHANGED_BY>
											<NAME><![CDATA[dblstring_seq1_a]]></NAME><ITERATION>0</ITERATION><ELAPSED_TIME></ELAPSED_TIME></COLUMNS></QU_RESULT>
								</RESULTS>
								<OUTARGS>
									<QU_RESULT><COLUMNS><UNIVERSAL_ID>{C8E35299-5299-4125-8635-8A7F5A643DD5}</UNIVERSAL_ID><RESULT_LEVEL>OUTARG</RESULT_LEVEL><RESULT_UNIVERSAL_ID>{790DA639-BFBF-1247-E044-0003BA357108}|{DBCAEF0E-6E4A-4403-BC28-61937F07F54E}</RESULT_UNIVERSAL_ID><PARENT_UNIVERSAL_ID>{DBCAEF0E-6E4A-4403-BC28-61937F07F54E}</PARENT_UNIVERSAL_ID><RESULT_STATUS>SUCCESS</RESULT_STATUS>
											<DESCRIPTION><![CDATA[test]]></DESCRIPTION>
											<START_ON>2010-01-30T16:22:23.830000000</START_ON><END_ON>2010-01-30T16:22:23.830000000</END_ON>
											<HARNESS_GUID>{213CD4EE-7546-4B8B-8AA6-03CFB54C187E}</HARNESS_GUID>
											<CREATED_ON>2010-01-30T16:22:23</CREATED_ON><CREATED_BY>TEST_SCHEMA</CREATED_BY><CHANGED_ON>2010-01-30T16:22:23</CHANGED_ON><CHANGED_BY>TEST_SCHEMA</CHANGED_BY>
											<NAME><![CDATA[SELF.A_STRING]]></NAME><ITERATION>0</ITERATION><ELAPSED_TIME></ELAPSED_TIME>
											<CLOB_VALUE><![CDATA[test]]></CLOB_VALUE></COLUMNS></QU_RESULT>
									<QU_RESULT><COLUMNS><UNIVERSAL_ID>{48B27AF2-757F-4A3C-B99F-B1BAF2BA0A67}</UNIVERSAL_ID><RESULT_LEVEL>OUTARG</RESULT_LEVEL><RESULT_UNIVERSAL_ID>{790DA639-BFC2-1247-E044-0003BA357108}|{DBCAEF0E-6E4A-4403-BC28-61937F07F54E}</RESULT_UNIVERSAL_ID><PARENT_UNIVERSAL_ID>{DBCAEF0E-6E4A-4403-BC28-61937F07F54E}</PARENT_UNIVERSAL_ID><RESULT_STATUS>SUCCESS</RESULT_STATUS>
											<DESCRIPTION><![CDATA[testtest]]></DESCRIPTION>
											<START_ON>2010-01-30T16:22:23.830000000</START_ON><END_ON>2010-01-30T16:22:23.830000000</END_ON>
											<HARNESS_GUID>{213CD4EE-7546-4B8B-8AA6-03CFB54C187E}</HARNESS_GUID>
											<CREATED_ON>2010-01-30T16:22:24</CREATED_ON><CREATED_BY>TEST_SCHEMA</CREATED_BY><CHANGED_ON>2010-01-30T16:22:24</CHANGED_ON><CHANGED_BY>TEST_SCHEMA</CHANGED_BY>
											<NAME><![CDATA[RETURN]]></NAME><ITERATION>0</ITERATION><ELAPSED_TIME></ELAPSED_TIME>
											<CLOB_VALUE><![CDATA[testtest]]></CLOB_VALUE></COLUMNS></QU_RESULT>
									<QU_RESULT><COLUMNS><UNIVERSAL_ID>{256790C0-3A38-411C-AA69-C1D610AB058E}</UNIVERSAL_ID><RESULT_LEVEL>OUTARG</RESULT_LEVEL><RESULT_UNIVERSAL_ID>{790DA639-BFBF-1247-E044-0003BA357108}|{B6E5138D-2800-43A6-B1B9-6F6B02AFFBB1}</RESULT_UNIVERSAL_ID><PARENT_UNIVERSAL_ID>{B6E5138D-2800-43A6-B1B9-6F6B02AFFBB1}</PARENT_UNIVERSAL_ID><RESULT_STATUS>SUCCESS</RESULT_STATUS>
											<DESCRIPTION><![CDATA[test]]></DESCRIPTION>
											<START_ON>2010-01-30T16:11:18.937000000</START_ON><END_ON>2010-01-30T16:11:18.937000000</END_ON>
											<HARNESS_GUID>{ADCC0090-AC7B-4BF8-8DEB-B7966BCCEC13}</HARNESS_GUID>
											<CREATED_ON>2010-01-30T16:11:19</CREATED_ON><CREATED_BY>TEST_SCHEMA</CREATED_BY><CHANGED_ON>2010-01-30T16:11:19</CHANGED_ON><CHANGED_BY>TEST_SCHEMA</CHANGED_BY>
											<NAME><![CDATA[SELF.A_STRING]]></NAME><ITERATION>0</ITERATION><ELAPSED_TIME></ELAPSED_TIME>
											<CLOB_VALUE><![CDATA[test]]></CLOB_VALUE></COLUMNS></QU_RESULT>
									<QU_RESULT><COLUMNS><UNIVERSAL_ID>{21F3653A-0922-4AB4-A66C-C7934278C6FD}</UNIVERSAL_ID><RESULT_LEVEL>OUTARG</RESULT_LEVEL><RESULT_UNIVERSAL_ID>{790DA639-BFC2-1247-E044-0003BA357108}|{B6E5138D-2800-43A6-B1B9-6F6B02AFFBB1}</RESULT_UNIVERSAL_ID><PARENT_UNIVERSAL_ID>{B6E5138D-2800-43A6-B1B9-6F6B02AFFBB1}</PARENT_UNIVERSAL_ID><RESULT_STATUS>SUCCESS</RESULT_STATUS>
											<DESCRIPTION><![CDATA[testtest]]></DESCRIPTION>
											<START_ON>2010-01-30T16:11:18.937000000</START_ON><END_ON>2010-01-30T16:11:18.937000000</END_ON>
											<HARNESS_GUID>{ADCC0090-AC7B-4BF8-8DEB-B7966BCCEC13}</HARNESS_GUID>
											<CREATED_ON>2010-01-30T16:11:19</CREATED_ON><CREATED_BY>TEST_SCHEMA</CREATED_BY><CHANGED_ON>2010-01-30T16:11:19</CHANGED_ON><CHANGED_BY>TEST_SCHEMA</CHANGED_BY>
											<NAME><![CDATA[RETURN]]></NAME><ITERATION>0</ITERATION><ELAPSED_TIME></ELAPSED_TIME>
											<CLOB_VALUE><![CDATA[testtest]]></CLOB_VALUE></COLUMNS></QU_RESULT>
								</OUTARGS>
							</QU_TEST_CASE>
						</TEST_CASES>
						<RESULTS>
							<QU_RESULT><COLUMNS><UNIVERSAL_ID>{563232C0-74AC-42F4-9263-528A72719774}</UNIVERSAL_ID><RESULT_LEVEL>UNITTEST</RESULT_LEVEL><RESULT_UNIVERSAL_ID>{790DA639-BFC0-1247-E044-0003BA357108}</RESULT_UNIVERSAL_ID><PARENT_UNIVERSAL_ID>{213CD4EE-7546-4B8B-8AA6-03CFB54C187E}</PARENT_UNIVERSAL_ID><RESULT_STATUS>SUCCESS</RESULT_STATUS>
									<DESCRIPTION><![CDATA[Test succeeded up to this level.]]></DESCRIPTION>
									<START_ON>2010-01-30T16:22:23.783000000</START_ON><END_ON>2010-01-30T16:22:23.846000000</END_ON>
									<HARNESS_GUID>{213CD4EE-7546-4B8B-8AA6-03CFB54C187E}</HARNESS_GUID>
									<CREATED_ON>2010-01-30T16:22:23</CREATED_ON><CREATED_BY>TEST_SCHEMA</CREATED_BY><CHANGED_ON>2010-01-30T16:22:24</CHANGED_ON><CHANGED_BY>TEST_SCHEMA</CHANGED_BY>
									<NAME><![CDATA[DOUBLE_STRING (Member Function - Sequence 1)]]></NAME><ITERATION>0</ITERATION><ELAPSED_TIME></ELAPSED_TIME></COLUMNS></QU_RESULT>
							<QU_RESULT><COLUMNS><UNIVERSAL_ID>{A2C8673B-07D5-4A0C-B58E-96944308C909}</UNIVERSAL_ID><RESULT_LEVEL>UNITTEST</RESULT_LEVEL><RESULT_UNIVERSAL_ID>{790DA639-BFC0-1247-E044-0003BA357108}</RESULT_UNIVERSAL_ID><PARENT_UNIVERSAL_ID>{ADCC0090-AC7B-4BF8-8DEB-B7966BCCEC13}</PARENT_UNIVERSAL_ID><RESULT_STATUS>SUCCESS</RESULT_STATUS>
									<DESCRIPTION><![CDATA[Test succeeded up to this level.]]></DESCRIPTION>
									<START_ON>2010-01-30T16:11:18.890000000</START_ON><END_ON>2010-01-30T16:11:18.937000000</END_ON>
									<HARNESS_GUID>{ADCC0090-AC7B-4BF8-8DEB-B7966BCCEC13}</HARNESS_GUID>
									<CREATED_ON>2010-01-30T16:11:18</CREATED_ON><CREATED_BY>TEST_SCHEMA</CREATED_BY><CHANGED_ON>2010-01-30T16:11:19</CHANGED_ON><CHANGED_BY>TEST_SCHEMA</CHANGED_BY>
									<NAME><![CDATA[DOUBLE_STRING (Member Function - Sequence 1)]]></NAME><ITERATION>0</ITERATION><ELAPSED_TIME></ELAPSED_TIME></COLUMNS></QU_RESULT>
							<QU_RESULT><COLUMNS><UNIVERSAL_ID>{F99EDAEF-D0CD-4612-952E-B69FC0652816}</UNIVERSAL_ID><RESULT_LEVEL>UNITTEST</RESULT_LEVEL><RESULT_UNIVERSAL_ID>{790DA639-BFC0-1247-E044-0003BA357108}</RESULT_UNIVERSAL_ID><PARENT_UNIVERSAL_ID>{64B9EE5C-0138-40A6-8ACF-C1A55A0488C2}</PARENT_UNIVERSAL_ID><RESULT_STATUS>RUNTIME-ERROR</RESULT_STATUS>
									<DESCRIPTION><![CDATA[Test failed at this level.]]></DESCRIPTION>
									<START_ON>2010-01-30T16:09:03.537000000</START_ON><END_ON>2010-01-30T16:09:03.599000000</END_ON>
									<HARNESS_GUID>{64B9EE5C-0138-40A6-8ACF-C1A55A0488C2}</HARNESS_GUID>
									<CREATED_ON>2010-01-30T16:09:03</CREATED_ON><CREATED_BY>TEST_SCHEMA</CREATED_BY><CHANGED_ON>2010-01-30T16:09:03</CHANGED_ON><CHANGED_BY>TEST_SCHEMA</CHANGED_BY>
									<NAME><![CDATA[DOUBLE_STRING (Member Function - Sequence 1)]]></NAME><ITERATION>0</ITERATION><ELAPSED_TIME></ELAPSED_TIME></COLUMNS></QU_RESULT>
						</RESULTS>
					</QU_UNIT_TEST>
					<QU_UNIT_TEST>
						<COLUMNS><UNIVERSAL_ID>{790DA639-BFD5-1247-E044-0003BA357108}</UNIVERSAL_ID><HARNESS_GUID>{790DA639-BFBE-1247-E044-0003BA357108}</HARNESS_GUID><NAME><![CDATA[DOUBLE_STRING (Member Function - Sequence 2)]]></NAME>
							<DESCRIPTION><![CDATA[]]></DESCRIPTION>
							<PROGRAM_NAME><![CDATA[DOUBLE_STRING]]></PROGRAM_NAME><PROGRAM_TYPE>FUNCTION</PROGRAM_TYPE><OVERLOAD>2</OVERLOAD><UT_PROGRAM_NAME><![CDATA[Q##DOUBLE_STRING1]]></UT_PROGRAM_NAME><TESTING_STATUS>Y</TESTING_STATUS><EXCEPTION_ON_FAILURE></EXCEPTION_ON_FAILURE>
							<CREATED_ON>2010-01-30T16:01:41</CREATED_ON><CREATED_BY>TEST_SCHEMA</CREATED_BY><CHANGED_ON>2010-01-30T16:01:41</CHANGED_ON><CHANGED_BY>TEST_SCHEMA</CHANGED_BY>
							<DECLARATIONS><![CDATA[]]></DECLARATIONS>
							<SETUP_CODE><![CDATA[-- qu_result_xp.profile_this_unit_test ;]]></SETUP_CODE>
							<TEARDOWN_CODE><![CDATA[]]></TEARDOWN_CODE>
							<EXCEPTIONS><![CDATA[]]></EXCEPTIONS>
							<DECLARE_PROGRAMS><![CDATA[]]></DECLARE_PROGRAMS>
							<CONDITIONAL_EXECUTION><![CDATA[]]></CONDITIONAL_EXECUTION>
							<PROFILE_EXECUTION>N</PROFILE_EXECUTION><RANDOM_EXECUTION>N</RANDOM_EXECUTION><METHOD_NAME>DOUBLE_STRING</METHOD_NAME><METHOD_NO>2</METHOD_NO><METHOD_TYPE>PUBLIC</METHOD_TYPE><METHOD_DESCRIPTOR>MEMBER</METHOD_DESCRIPTOR><PARAMETERS>2</PARAMETERS>
							<RESULTS>1</RESULTS><FINAL>NO</FINAL><INSTANTIABLE>YES</INSTANTIABLE><OVERRIDING>NO</OVERRIDING><INHERITED>NO</INHERITED><START_LINE></START_LINE><END_LINE></END_LINE><CODE_COVERAGE_GOAL></CODE_COVERAGE_GOAL></COLUMNS>
						<TEST_ELEMENTS>
							<QU_TEST_ELEMENT>
								<COLUMNS><UNIVERSAL_ID>{790DA639-BFD6-1247-E044-0003BA357108}</UNIVERSAL_ID><UNIT_TEST_GUID>{790DA639-BFD5-1247-E044-0003BA357108}</UNIT_TEST_GUID><NAME><![CDATA[SELF]]></NAME><DATA_TYPE_GUID>{8FF11EF0-CABA-4411-90E7-6B28E2706B99}</DATA_TYPE_GUID><DATA_TYPE_NAME>"HR"."QRT#OT_MEMBERS1"</DATA_TYPE_NAME>
									<DESCRIPTION><![CDATA[Test element for "SELF"]]></DESCRIPTION>
									<DEFINITION><![CDATA[]]></DEFINITION>
									<DEFAULT_VALUE><![CDATA[NULL]]></DEFAULT_VALUE>
									<EXTERNAL_VALUE><![CDATA[NULL]]></EXTERNAL_VALUE>
									<IS_EXPRESSION>N</IS_EXPRESSION><ASSIGN_IN_SETUP>Y</ASSIGN_IN_SETUP><ELEMENT_TYPE>ARGUMENT</ELEMENT_TYPE><POSITION>1</POSITION><ARGUMENT_MODE>IN</ARGUMENT_MODE><ARGUMENT_ALIAS>L_SELF</ARGUMENT_ALIAS><CONTROL_ALIAS></CONTROL_ALIAS>
									<CREATED_ON>2010-01-30T16:01:41</CREATED_ON><CREATED_BY>TEST_SCHEMA</CREATED_BY><CHANGED_ON>2010-01-30T16:01:41</CHANGED_ON><CHANGED_BY>TEST_SCHEMA</CHANGED_BY>
									<PARAM_TYPE_MOD></PARAM_TYPE_MOD><PARAM_TYPE_OWNER>HR</PARAM_TYPE_OWNER><PARAM_TYPE_NAME>QRT#OT_MEMBERS1</PARAM_TYPE_NAME><CHARACTER_SET_NAME></CHARACTER_SET_NAME></COLUMNS>
								<ATTRIBUTES>
									<QU_ATTRIBUTES><COLUMNS><PARENT_GUID>{790DA639-BFD6-1247-E044-0003BA357108}</PARENT_GUID><USAGE_TYPE>DEFAULT</USAGE_TYPE>
											<INTERNAL_VALUE><![CDATA[]]></INTERNAL_VALUE>
											<EXTERNAL_VALUE><![CDATA[]]></EXTERNAL_VALUE>
											<IS_EXPRESSION>N</IS_EXPRESSION><VALUE1_IS_EXPR>N</VALUE1_IS_EXPR><VALUE2_IS_EXPR>N</VALUE2_IS_EXPR><VALUE3_IS_EXPR>N</VALUE3_IS_EXPR><VALUE4_IS_EXPR>N</VALUE4_IS_EXPR><VALUE5_IS_EXPR>N</VALUE5_IS_EXPR><VALUE6_IS_EXPR>N</VALUE6_IS_EXPR><TEST_ELEMENT_GUID>{790DA639-BFD6-1247-E044-0003BA357108}</TEST_ELEMENT_GUID><ASSIGN_IN_SETUP>N</ASSIGN_IN_SETUP><ARGUMENT_ALIAS></ARGUMENT_ALIAS><NO_LOCAL_DECLARATION>N</NO_LOCAL_DECLARATION><OT_ATTRIBUTE_GUID></OT_ATTRIBUTE_GUID>
											<CREATED_ON>2010-01-30T16:01:41</CREATED_ON><CREATED_BY>TEST_SCHEMA</CREATED_BY><CHANGED_ON>2010-01-30T16:01:41</CHANGED_ON><CHANGED_BY>TEST_SCHEMA</CHANGED_BY>
											<DATATYPE_DECLARE></DATATYPE_DECLARE>
											<VALUE1><![CDATA[]]></VALUE1>
											<VALUE2><![CDATA[]]></VALUE2>
											<VALUE3><![CDATA[]]></VALUE3>
											<VALUE4><![CDATA[]]></VALUE4>
											<VALUE5><![CDATA[]]></VALUE5>
											<VALUE6><![CDATA[]]></VALUE6></COLUMNS></QU_ATTRIBUTES>
								</ATTRIBUTES>
							</QU_TEST_ELEMENT>
							<QU_TEST_ELEMENT>
								<COLUMNS><UNIVERSAL_ID>{790DA639-BFD7-1247-E044-0003BA357108}</UNIVERSAL_ID><UNIT_TEST_GUID>{790DA639-BFD5-1247-E044-0003BA357108}</UNIT_TEST_GUID><NAME><![CDATA[PREFIX_IN]]></NAME><DATA_TYPE_GUID>{A13E1D34-8283-4A8B-9463-1B427220581E}</DATA_TYPE_GUID><DATA_TYPE_NAME>VARCHAR2(32767)</DATA_TYPE_NAME>
									<DESCRIPTION><![CDATA[Test element for "PREFIX_IN"]]></DESCRIPTION>
									<DEFINITION><![CDATA[]]></DEFINITION>
									<DEFAULT_VALUE><![CDATA[NULL]]></DEFAULT_VALUE>
									<EXTERNAL_VALUE><![CDATA[NULL]]></EXTERNAL_VALUE>
									<IS_EXPRESSION>N</IS_EXPRESSION><ASSIGN_IN_SETUP>N</ASSIGN_IN_SETUP><ELEMENT_TYPE>ARGUMENT</ELEMENT_TYPE><POSITION>2</POSITION><ARGUMENT_MODE>IN</ARGUMENT_MODE><ARGUMENT_ALIAS>L_PREFIX_IN</ARGUMENT_ALIAS><CONTROL_ALIAS></CONTROL_ALIAS>
									<CREATED_ON>2010-01-30T16:01:41</CREATED_ON><CREATED_BY>TEST_SCHEMA</CREATED_BY><CHANGED_ON>2010-01-30T16:01:41</CHANGED_ON><CHANGED_BY>TEST_SCHEMA</CHANGED_BY>
									<PARAM_TYPE_MOD></PARAM_TYPE_MOD><PARAM_TYPE_OWNER></PARAM_TYPE_OWNER><PARAM_TYPE_NAME>VARCHAR2</PARAM_TYPE_NAME><CHARACTER_SET_NAME>CHAR_CS</CHARACTER_SET_NAME></COLUMNS>
								<ATTRIBUTES>
									<QU_ATTRIBUTES><COLUMNS><PARENT_GUID>{790DA639-BFD7-1247-E044-0003BA357108}</PARENT_GUID><USAGE_TYPE>DEFAULT</USAGE_TYPE>
											<INTERNAL_VALUE><![CDATA[]]></INTERNAL_VALUE>
											<EXTERNAL_VALUE><![CDATA[]]></EXTERNAL_VALUE>
											<IS_EXPRESSION>N</IS_EXPRESSION><VALUE1_IS_EXPR>N</VALUE1_IS_EXPR><VALUE2_IS_EXPR>N</VALUE2_IS_EXPR><VALUE3_IS_EXPR>N</VALUE3_IS_EXPR><VALUE4_IS_EXPR>N</VALUE4_IS_EXPR><VALUE5_IS_EXPR>N</VALUE5_IS_EXPR><VALUE6_IS_EXPR>N</VALUE6_IS_EXPR><TEST_ELEMENT_GUID>{790DA639-BFD7-1247-E044-0003BA357108}</TEST_ELEMENT_GUID><ASSIGN_IN_SETUP>N</ASSIGN_IN_SETUP><ARGUMENT_ALIAS></ARGUMENT_ALIAS><NO_LOCAL_DECLARATION>N</NO_LOCAL_DECLARATION><OT_ATTRIBUTE_GUID></OT_ATTRIBUTE_GUID>
											<CREATED_ON>2010-01-30T16:01:41</CREATED_ON><CREATED_BY>TEST_SCHEMA</CREATED_BY><CHANGED_ON>2010-01-30T16:01:41</CHANGED_ON><CHANGED_BY>TEST_SCHEMA</CHANGED_BY>
											<DATATYPE_DECLARE></DATATYPE_DECLARE>
											<VALUE1><![CDATA[]]></VALUE1>
											<VALUE2><![CDATA[]]></VALUE2>
											<VALUE3><![CDATA[]]></VALUE3>
											<VALUE4><![CDATA[]]></VALUE4>
											<VALUE5><![CDATA[]]></VALUE5>
											<VALUE6><![CDATA[]]></VALUE6></COLUMNS></QU_ATTRIBUTES>
								</ATTRIBUTES>
							</QU_TEST_ELEMENT>
							<QU_TEST_ELEMENT>
								<COLUMNS><UNIVERSAL_ID>{790DA639-BFD8-1247-E044-0003BA357108}</UNIVERSAL_ID><UNIT_TEST_GUID>{790DA639-BFD5-1247-E044-0003BA357108}</UNIT_TEST_GUID><NAME><![CDATA[[Function return value]]]></NAME><DATA_TYPE_GUID>{A13E1D34-8283-4A8B-9463-1B427220581E}</DATA_TYPE_GUID><DATA_TYPE_NAME>VARCHAR2(32767)</DATA_TYPE_NAME>
									<DESCRIPTION><![CDATA[Test element for function RETURN value]]></DESCRIPTION>
									<DEFINITION><![CDATA[]]></DEFINITION>
									<DEFAULT_VALUE><![CDATA[NULL]]></DEFAULT_VALUE>
									<EXTERNAL_VALUE><![CDATA[NULL]]></EXTERNAL_VALUE>
									<IS_EXPRESSION>N</IS_EXPRESSION><ASSIGN_IN_SETUP>N</ASSIGN_IN_SETUP><ELEMENT_TYPE>RETURN</ELEMENT_TYPE><POSITION>0</POSITION><ARGUMENT_MODE>OUT</ARGUMENT_MODE><ARGUMENT_ALIAS>Q##function_return_value</ARGUMENT_ALIAS><CONTROL_ALIAS></CONTROL_ALIAS>
									<CREATED_ON>2010-01-30T16:01:41</CREATED_ON><CREATED_BY>TEST_SCHEMA</CREATED_BY><CHANGED_ON>2010-01-30T16:01:41</CHANGED_ON><CHANGED_BY>TEST_SCHEMA</CHANGED_BY>
									<PARAM_TYPE_MOD>OUT</PARAM_TYPE_MOD><PARAM_TYPE_OWNER></PARAM_TYPE_OWNER><PARAM_TYPE_NAME></PARAM_TYPE_NAME><CHARACTER_SET_NAME></CHARACTER_SET_NAME></COLUMNS>
								<ATTRIBUTES>
									<QU_ATTRIBUTES><COLUMNS><PARENT_GUID>{790DA639-BFD8-1247-E044-0003BA357108}</PARENT_GUID><USAGE_TYPE>DEFAULT</USAGE_TYPE>
											<INTERNAL_VALUE><![CDATA[]]></INTERNAL_VALUE>
											<EXTERNAL_VALUE><![CDATA[]]></EXTERNAL_VALUE>
											<IS_EXPRESSION>N</IS_EXPRESSION><VALUE1_IS_EXPR>N</VALUE1_IS_EXPR><VALUE2_IS_EXPR>N</VALUE2_IS_EXPR><VALUE3_IS_EXPR>N</VALUE3_IS_EXPR><VALUE4_IS_EXPR>N</VALUE4_IS_EXPR><VALUE5_IS_EXPR>N</VALUE5_IS_EXPR><VALUE6_IS_EXPR>N</VALUE6_IS_EXPR><TEST_ELEMENT_GUID>{790DA639-BFD8-1247-E044-0003BA357108}</TEST_ELEMENT_GUID><ASSIGN_IN_SETUP>N</ASSIGN_IN_SETUP><ARGUMENT_ALIAS></ARGUMENT_ALIAS><NO_LOCAL_DECLARATION>N</NO_LOCAL_DECLARATION><OT_ATTRIBUTE_GUID></OT_ATTRIBUTE_GUID>
											<CREATED_ON>2010-01-30T16:01:41</CREATED_ON><CREATED_BY>TEST_SCHEMA</CREATED_BY><CHANGED_ON>2010-01-30T16:01:41</CHANGED_ON><CHANGED_BY>TEST_SCHEMA</CHANGED_BY>
											<DATATYPE_DECLARE></DATATYPE_DECLARE>
											<VALUE1><![CDATA[]]></VALUE1>
											<VALUE2><![CDATA[]]></VALUE2>
											<VALUE3><![CDATA[]]></VALUE3>
											<VALUE4><![CDATA[]]></VALUE4>
											<VALUE5><![CDATA[]]></VALUE5>
											<VALUE6><![CDATA[]]></VALUE6></COLUMNS></QU_ATTRIBUTES>
								</ATTRIBUTES>
							</QU_TEST_ELEMENT>
						</TEST_ELEMENTS>
						<TEST_CASES>
							<QU_TEST_CASE>
								<COLUMNS><UNIVERSAL_ID>{790DA639-BFD9-1247-E044-0003BA357108}</UNIVERSAL_ID>
									<UNIT_TEST_GUID>{790DA639-BFD5-1247-E044-0003BA357108}</UNIT_TEST_GUID>
									<NAME><![CDATA[dbl_string_seq2_a]]></NAME>
									<DESCRIPTION><![CDATA[]]></DESCRIPTION>
									<REQUIREMENT><![CDATA[]]></REQUIREMENT>
									<TESTING_STATUS>Y</TESTING_STATUS>
									<PROGRAM_NAME><![CDATA[Q##DBL_STRING_SEQ2_A]]></PROGRAM_NAME>
									<EXCEPTION_ON_FAILURE></EXCEPTION_ON_FAILURE>
									<CREATED_ON>2010-01-30T16:01:41</CREATED_ON>
									<CREATED_BY>TEST_SCHEMA</CREATED_BY>
									<CHANGED_ON>2010-01-30T16:01:41</CHANGED_ON>
									<CHANGED_BY>TEST_SCHEMA</CHANGED_BY>
									<DECLARATIONS><![CDATA[]]></DECLARATIONS>
									<SETUP_CODE><![CDATA[]]></SETUP_CODE>
									<PRE_EXECUTION_CODE><![CDATA[]]></PRE_EXECUTION_CODE>
									<POST_EXECUTION_CODE><![CDATA[]]></POST_EXECUTION_CODE>
									<ALT_EXECUTION_CODE><![CDATA[]]></ALT_EXECUTION_CODE>
									<ASSERTION_CODE><![CDATA[]]></ASSERTION_CODE>
									<TEARDOWN_CODE><![CDATA[]]></TEARDOWN_CODE>
									<EXCEPTIONS><![CDATA[]]></EXCEPTIONS>
									<PARAMETER_HASH_LIST></PARAMETER_HASH_LIST>
									<GENERATED_ON></GENERATED_ON>
									<IS_SIMPLE>N</IS_SIMPLE>
									<CODE_LOCATION></CODE_LOCATION>
									<DECLARE_PROGRAMS><![CDATA[]]></DECLARE_PROGRAMS>
									<GENERATION_TAG><![CDATA[20091123091203]]></GENERATION_TAG>
									<IS_DYNAMIC>N</IS_DYNAMIC>
									<CORRELATE_VALUES>Y</CORRELATE_VALUES>
									<CONDITIONAL_EXECUTION><![CDATA[]]></CONDITIONAL_EXECUTION>
									<RUN_WHEN_UT_FAILS>Y</RUN_WHEN_UT_FAILS>
									<ROLLBACK_BEFORE>Y</ROLLBACK_BEFORE>
									<ROLLBACK_AFTER>Y</ROLLBACK_AFTER>
									<COMMIT_BEFORE>N</COMMIT_BEFORE>
									<COMMIT_AFTER>N</COMMIT_AFTER>
									<PROFILE_EXECUTION>N</PROFILE_EXECUTION></COLUMNS>
								<INPUTS>
									<QU_INPUT>
										<COLUMNS><UNIVERSAL_ID>{6DAB2362-1F25-448D-A7A9-34359685BFBA}</UNIVERSAL_ID><TEST_CASE_GUID>{790DA639-BFD9-1247-E044-0003BA357108}</TEST_CASE_GUID><TEST_ELEMENT_GUID></TEST_ELEMENT_GUID>
											<INTERNAL_VALUE><![CDATA[test]]></INTERNAL_VALUE>
											<EXTERNAL_VALUE><![CDATA['test']]></EXTERNAL_VALUE>
											<IS_EXPRESSION>N</IS_EXPRESSION><ASSIGN_IN_SETUP>N</ASSIGN_IN_SETUP><ARGUMENT_ALIAS>i_A_STRING</ARGUMENT_ALIAS>
											<CREATED_ON>2010-01-30T16:01:41</CREATED_ON><CREATED_BY>TEST_SCHEMA</CREATED_BY><CHANGED_ON>2010-01-30T16:01:41</CHANGED_ON><CHANGED_BY>TEST_SCHEMA</CHANGED_BY>
											<SETUP_CODE><![CDATA[]]></SETUP_CODE>
											<TEARDOWN_CODE><![CDATA[]]></TEARDOWN_CODE>
											<INTVAL_HDR_GUID></INTVAL_HDR_GUID><USE_DEFAULT_VALUE>N</USE_DEFAULT_VALUE><OT_ATTRIBUTE_GUID>{790DA639-BFBF-1247-E044-0003BA357108}</OT_ATTRIBUTE_GUID><USER_EXTENSION>{790DA639-BFBF-1247-E044-0003BA357108}</USER_EXTENSION></COLUMNS>
										<ATTRIBUTES>
											<QU_ATTRIBUTES><COLUMNS><PARENT_GUID>{6DAB2362-1F25-448D-A7A9-34359685BFBA}</PARENT_GUID><USAGE_TYPE>INPUT</USAGE_TYPE>
													<INTERNAL_VALUE><![CDATA[NULL]]></INTERNAL_VALUE>
													<EXTERNAL_VALUE><![CDATA[]]></EXTERNAL_VALUE>
													<IS_EXPRESSION>N</IS_EXPRESSION><VALUE1_IS_EXPR>N</VALUE1_IS_EXPR><VALUE2_IS_EXPR>N</VALUE2_IS_EXPR><VALUE3_IS_EXPR>N</VALUE3_IS_EXPR><VALUE4_IS_EXPR>N</VALUE4_IS_EXPR><VALUE5_IS_EXPR>N</VALUE5_IS_EXPR><VALUE6_IS_EXPR>N</VALUE6_IS_EXPR><TEST_ELEMENT_GUID></TEST_ELEMENT_GUID><ASSIGN_IN_SETUP>N</ASSIGN_IN_SETUP><ARGUMENT_ALIAS>V1917529402</ARGUMENT_ALIAS><NO_LOCAL_DECLARATION>N</NO_LOCAL_DECLARATION><OT_ATTRIBUTE_GUID>{790DA639-BFBF-1247-E044-0003BA357108}</OT_ATTRIBUTE_GUID>
													<CREATED_ON>2010-01-30T16:01:41</CREATED_ON><CREATED_BY>TEST_SCHEMA</CREATED_BY><CHANGED_ON>2010-01-30T16:01:41</CHANGED_ON><CHANGED_BY>TEST_SCHEMA</CHANGED_BY>
													<DATATYPE_DECLARE>VARCHAR2(32767)</DATATYPE_DECLARE>
													<VALUE1><![CDATA[]]></VALUE1>
													<VALUE2><![CDATA[]]></VALUE2>
													<VALUE3><![CDATA[]]></VALUE3>
													<VALUE4><![CDATA[]]></VALUE4>
													<VALUE5><![CDATA[]]></VALUE5>
													<VALUE6><![CDATA[]]></VALUE6></COLUMNS></QU_ATTRIBUTES>
										</ATTRIBUTES>
										<RESULTS>
											<QU_RESULT><COLUMNS><UNIVERSAL_ID>{454CAE37-EAAB-4B4D-BD0F-5F473022219A}</UNIVERSAL_ID><RESULT_LEVEL>INPUT</RESULT_LEVEL><RESULT_UNIVERSAL_ID>{6DAB2362-1F25-448D-A7A9-34359685BFBA}</RESULT_UNIVERSAL_ID><PARENT_UNIVERSAL_ID>{6CC20E71-9C1C-4AAC-8AF5-D2AF72965EAA}</PARENT_UNIVERSAL_ID><RESULT_STATUS>SUCCESS</RESULT_STATUS>
													<DESCRIPTION><![CDATA[test]]></DESCRIPTION>
													<START_ON>2010-01-30T16:22:23.846000000</START_ON><END_ON>2010-01-30T16:22:23.846000000</END_ON>
													<HARNESS_GUID>{213CD4EE-7546-4B8B-8AA6-03CFB54C187E}</HARNESS_GUID>
													<CREATED_ON>2010-01-30T16:22:24</CREATED_ON><CREATED_BY>TEST_SCHEMA</CREATED_BY><CHANGED_ON>2010-01-30T16:22:24</CHANGED_ON><CHANGED_BY>TEST_SCHEMA</CHANGED_BY>
													<NAME><![CDATA[SELF.A_STRING]]></NAME><ITERATION>0</ITERATION><ELAPSED_TIME></ELAPSED_TIME>
													<CLOB_VALUE><![CDATA[test]]></CLOB_VALUE></COLUMNS></QU_RESULT>
											<QU_RESULT><COLUMNS><UNIVERSAL_ID>{CBCF811E-A2DD-4D09-A60A-F9A8F4758B88}</UNIVERSAL_ID><RESULT_LEVEL>INPUT</RESULT_LEVEL><RESULT_UNIVERSAL_ID>{6DAB2362-1F25-448D-A7A9-34359685BFBA}</RESULT_UNIVERSAL_ID><PARENT_UNIVERSAL_ID>{C88C0852-127C-4619-A0C7-A950F24C5910}</PARENT_UNIVERSAL_ID><RESULT_STATUS>SUCCESS</RESULT_STATUS>
													<DESCRIPTION><![CDATA[test]]></DESCRIPTION>
													<START_ON>2010-01-30T16:11:18.952000000</START_ON><END_ON>2010-01-30T16:11:18.952000000</END_ON>
													<HARNESS_GUID>{ADCC0090-AC7B-4BF8-8DEB-B7966BCCEC13}</HARNESS_GUID>
													<CREATED_ON>2010-01-30T16:11:19</CREATED_ON><CREATED_BY>TEST_SCHEMA</CREATED_BY><CHANGED_ON>2010-01-30T16:11:19</CHANGED_ON><CHANGED_BY>TEST_SCHEMA</CHANGED_BY>
													<NAME><![CDATA[SELF.A_STRING]]></NAME><ITERATION>0</ITERATION><ELAPSED_TIME></ELAPSED_TIME>
													<CLOB_VALUE><![CDATA[test]]></CLOB_VALUE></COLUMNS></QU_RESULT>
											<QU_RESULT><COLUMNS><UNIVERSAL_ID>{39EEAB0D-FD61-4A4B-81F7-53D70A69B100}</UNIVERSAL_ID><RESULT_LEVEL>INPUT</RESULT_LEVEL><RESULT_UNIVERSAL_ID>{6DAB2362-1F25-448D-A7A9-34359685BFBA}</RESULT_UNIVERSAL_ID><PARENT_UNIVERSAL_ID>{03210934-6059-4092-9C7D-0869E1075BDE}</PARENT_UNIVERSAL_ID><RESULT_STATUS>SUCCESS</RESULT_STATUS>
													<DESCRIPTION><![CDATA[test]]></DESCRIPTION>
													<START_ON>2010-01-30T16:09:03.599000000</START_ON><END_ON>2010-01-30T16:09:03.599000000</END_ON>
													<HARNESS_GUID>{64B9EE5C-0138-40A6-8ACF-C1A55A0488C2}</HARNESS_GUID>
													<CREATED_ON>2010-01-30T16:09:03</CREATED_ON><CREATED_BY>TEST_SCHEMA</CREATED_BY><CHANGED_ON>2010-01-30T16:09:03</CHANGED_ON><CHANGED_BY>TEST_SCHEMA</CHANGED_BY>
													<NAME><![CDATA[SELF.A_STRING]]></NAME><ITERATION>0</ITERATION><ELAPSED_TIME></ELAPSED_TIME>
													<CLOB_VALUE><![CDATA[test]]></CLOB_VALUE></COLUMNS></QU_RESULT>
										</RESULTS>
									</QU_INPUT>
									<QU_INPUT>
										<COLUMNS><UNIVERSAL_ID>{9F135F9F-E6C8-4776-9091-152F717AF5E1}</UNIVERSAL_ID><TEST_CASE_GUID>{790DA639-BFD9-1247-E044-0003BA357108}</TEST_CASE_GUID><TEST_ELEMENT_GUID>{790DA639-BFD7-1247-E044-0003BA357108}</TEST_ELEMENT_GUID>
											<INTERNAL_VALUE><![CDATA[test]]></INTERNAL_VALUE>
											<EXTERNAL_VALUE><![CDATA['test']]></EXTERNAL_VALUE>
											<IS_EXPRESSION>N</IS_EXPRESSION><ASSIGN_IN_SETUP>N</ASSIGN_IN_SETUP><ARGUMENT_ALIAS>i_PREFIX_IN</ARGUMENT_ALIAS>
											<CREATED_ON>2010-01-30T16:01:41</CREATED_ON><CREATED_BY>TEST_SCHEMA</CREATED_BY><CHANGED_ON>2010-01-30T16:01:41</CHANGED_ON><CHANGED_BY>TEST_SCHEMA</CHANGED_BY>
											<SETUP_CODE><![CDATA[]]></SETUP_CODE>
											<TEARDOWN_CODE><![CDATA[]]></TEARDOWN_CODE>
											<INTVAL_HDR_GUID></INTVAL_HDR_GUID><USE_DEFAULT_VALUE>N</USE_DEFAULT_VALUE><OT_ATTRIBUTE_GUID></OT_ATTRIBUTE_GUID><USER_EXTENSION></USER_EXTENSION></COLUMNS>
										<ATTRIBUTES>
											<QU_ATTRIBUTES><COLUMNS><PARENT_GUID>{9F135F9F-E6C8-4776-9091-152F717AF5E1}</PARENT_GUID><USAGE_TYPE>INPUT</USAGE_TYPE>
													<INTERNAL_VALUE><![CDATA[NULL]]></INTERNAL_VALUE>
													<EXTERNAL_VALUE><![CDATA[]]></EXTERNAL_VALUE>
													<IS_EXPRESSION>N</IS_EXPRESSION><VALUE1_IS_EXPR>N</VALUE1_IS_EXPR><VALUE2_IS_EXPR>N</VALUE2_IS_EXPR><VALUE3_IS_EXPR>N</VALUE3_IS_EXPR><VALUE4_IS_EXPR>N</VALUE4_IS_EXPR><VALUE5_IS_EXPR>N</VALUE5_IS_EXPR><VALUE6_IS_EXPR>N</VALUE6_IS_EXPR><TEST_ELEMENT_GUID>{790DA639-BFD7-1247-E044-0003BA357108}</TEST_ELEMENT_GUID><ASSIGN_IN_SETUP>N</ASSIGN_IN_SETUP><ARGUMENT_ALIAS>V222318834</ARGUMENT_ALIAS><NO_LOCAL_DECLARATION>N</NO_LOCAL_DECLARATION><OT_ATTRIBUTE_GUID></OT_ATTRIBUTE_GUID>
													<CREATED_ON>2010-01-30T16:01:41</CREATED_ON><CREATED_BY>TEST_SCHEMA</CREATED_BY><CHANGED_ON>2010-01-30T16:01:41</CHANGED_ON><CHANGED_BY>TEST_SCHEMA</CHANGED_BY>
													<DATATYPE_DECLARE>VARCHAR2(32767)</DATATYPE_DECLARE>
													<VALUE1><![CDATA[]]></VALUE1>
													<VALUE2><![CDATA[]]></VALUE2>
													<VALUE3><![CDATA[]]></VALUE3>
													<VALUE4><![CDATA[]]></VALUE4>
													<VALUE5><![CDATA[]]></VALUE5>
													<VALUE6><![CDATA[]]></VALUE6></COLUMNS></QU_ATTRIBUTES>
										</ATTRIBUTES>
										<RESULTS>
											<QU_RESULT><COLUMNS><UNIVERSAL_ID>{4A05108F-F7A8-455B-9B2E-E2A7FA25F8F1}</UNIVERSAL_ID><RESULT_LEVEL>INPUT</RESULT_LEVEL><RESULT_UNIVERSAL_ID>{9F135F9F-E6C8-4776-9091-152F717AF5E1}</RESULT_UNIVERSAL_ID><PARENT_UNIVERSAL_ID>{6CC20E71-9C1C-4AAC-8AF5-D2AF72965EAA}</PARENT_UNIVERSAL_ID><RESULT_STATUS>SUCCESS</RESULT_STATUS>
													<DESCRIPTION><![CDATA[test]]></DESCRIPTION>
													<START_ON>2010-01-30T16:22:23.846000000</START_ON><END_ON>2010-01-30T16:22:23.846000000</END_ON>
													<HARNESS_GUID>{213CD4EE-7546-4B8B-8AA6-03CFB54C187E}</HARNESS_GUID>
													<CREATED_ON>2010-01-30T16:22:24</CREATED_ON><CREATED_BY>TEST_SCHEMA</CREATED_BY><CHANGED_ON>2010-01-30T16:22:24</CHANGED_ON><CHANGED_BY>TEST_SCHEMA</CHANGED_BY>
													<NAME><![CDATA[PREFIX_IN]]></NAME><ITERATION>0</ITERATION><ELAPSED_TIME></ELAPSED_TIME>
													<CLOB_VALUE><![CDATA[test]]></CLOB_VALUE></COLUMNS></QU_RESULT>
											<QU_RESULT><COLUMNS><UNIVERSAL_ID>{A581F606-418A-4602-ABE0-A57CDA433736}</UNIVERSAL_ID><RESULT_LEVEL>INPUT</RESULT_LEVEL><RESULT_UNIVERSAL_ID>{9F135F9F-E6C8-4776-9091-152F717AF5E1}</RESULT_UNIVERSAL_ID><PARENT_UNIVERSAL_ID>{C88C0852-127C-4619-A0C7-A950F24C5910}</PARENT_UNIVERSAL_ID><RESULT_STATUS>SUCCESS</RESULT_STATUS>
													<DESCRIPTION><![CDATA[test]]></DESCRIPTION>
													<START_ON>2010-01-30T16:11:18.952000000</START_ON><END_ON>2010-01-30T16:11:18.952000000</END_ON>
													<HARNESS_GUID>{ADCC0090-AC7B-4BF8-8DEB-B7966BCCEC13}</HARNESS_GUID>
													<CREATED_ON>2010-01-30T16:11:19</CREATED_ON><CREATED_BY>TEST_SCHEMA</CREATED_BY><CHANGED_ON>2010-01-30T16:11:19</CHANGED_ON><CHANGED_BY>TEST_SCHEMA</CHANGED_BY>
													<NAME><![CDATA[PREFIX_IN]]></NAME><ITERATION>0</ITERATION><ELAPSED_TIME></ELAPSED_TIME>
													<CLOB_VALUE><![CDATA[test]]></CLOB_VALUE></COLUMNS></QU_RESULT>
											<QU_RESULT><COLUMNS><UNIVERSAL_ID>{8D1AE631-082B-4850-8A86-058DC1392969}</UNIVERSAL_ID><RESULT_LEVEL>INPUT</RESULT_LEVEL><RESULT_UNIVERSAL_ID>{9F135F9F-E6C8-4776-9091-152F717AF5E1}</RESULT_UNIVERSAL_ID><PARENT_UNIVERSAL_ID>{03210934-6059-4092-9C7D-0869E1075BDE}</PARENT_UNIVERSAL_ID><RESULT_STATUS>SUCCESS</RESULT_STATUS>
													<DESCRIPTION><![CDATA[test]]></DESCRIPTION>
													<START_ON>2010-01-30T16:09:03.599000000</START_ON><END_ON>2010-01-30T16:09:03.599000000</END_ON>
													<HARNESS_GUID>{64B9EE5C-0138-40A6-8ACF-C1A55A0488C2}</HARNESS_GUID>
													<CREATED_ON>2010-01-30T16:09:03</CREATED_ON><CREATED_BY>TEST_SCHEMA</CREATED_BY><CHANGED_ON>2010-01-30T16:09:03</CHANGED_ON><CHANGED_BY>TEST_SCHEMA</CHANGED_BY>
													<NAME><![CDATA[PREFIX_IN]]></NAME><ITERATION>0</ITERATION><ELAPSED_TIME></ELAPSED_TIME>
													<CLOB_VALUE><![CDATA[test]]></CLOB_VALUE></COLUMNS></QU_RESULT>
										</RESULTS>
									</QU_INPUT>
								</INPUTS>
								<OUTCOMES>
									<QU_OUTCOME>
										<COLUMNS><UNIVERSAL_ID>{1FD4395F-F33E-434A-8B62-B9B2505F01BC}</UNIVERSAL_ID><TEST_CASE_GUID>{790DA639-BFD9-1247-E044-0003BA357108}</TEST_CASE_GUID><ASSERTION_TYPE_GUID>{43E3B49A-0877-4F51-9526-DCBF345F1563}</ASSERTION_TYPE_GUID><NULL_OK>Y</NULL_OK><RAISE_EXCEPTION>N</RAISE_EXCEPTION><CUSTOM_ASSERT_ONLY>N</CUSTOM_ASSERT_ONLY><NAME><![CDATA[Scalar is equal to the expected value?]]></NAME><TESTING_STATUS>Y</TESTING_STATUS>
											<CREATED_ON>2010-01-30T16:01:41</CREATED_ON><CREATED_BY>TEST_SCHEMA</CREATED_BY><CHANGED_ON>2010-01-30T16:01:41</CHANGED_ON><CHANGED_BY>TEST_SCHEMA</CHANGED_BY>
											<TEMPLATE_GUID>{25499982-A764-42F8-9A6F-C3E416CD3655}</TEMPLATE_GUID><DESCRIPTION><![CDATA[]]></DESCRIPTION>
											<ASSERTION_CODE><![CDATA[]]></ASSERTION_CODE>
											<CODE_LOCATION></CODE_LOCATION><DECLARE_PROGRAMS><![CDATA[]]></DECLARE_PROGRAMS>
											<SETUP_CODE><![CDATA[]]></SETUP_CODE>
											<TEARDOWN_CODE><![CDATA[]]></TEARDOWN_CODE><COLUMN_SET_GUID></COLUMN_SET_GUID><INTVAL_HDR_GUID></INTVAL_HDR_GUID><USER_EXTENSION></USER_EXTENSION></COLUMNS>
										<ATTRIBUTES>
											<QU_ATTRIBUTES><COLUMNS><PARENT_GUID>{1FD4395F-F33E-434A-8B62-B9B2505F01BC}</PARENT_GUID><USAGE_TYPE>CONTROL</USAGE_TYPE>
													<INTERNAL_VALUE><![CDATA[i_PREFIX_IN || i_A_STRING || i_A_STRING]]></INTERNAL_VALUE>
													<EXTERNAL_VALUE><![CDATA[i_PREFIX_IN || i_A_STRING || i_A_STRING]]></EXTERNAL_VALUE>
													<IS_EXPRESSION>Y</IS_EXPRESSION><VALUE1_IS_EXPR>N</VALUE1_IS_EXPR><VALUE2_IS_EXPR>N</VALUE2_IS_EXPR><VALUE3_IS_EXPR>N</VALUE3_IS_EXPR><VALUE4_IS_EXPR>N</VALUE4_IS_EXPR><VALUE5_IS_EXPR>N</VALUE5_IS_EXPR><VALUE6_IS_EXPR>N</VALUE6_IS_EXPR><TEST_ELEMENT_GUID>{790DA639-BFD8-1247-E044-0003BA357108}</TEST_ELEMENT_GUID><ASSIGN_IN_SETUP>N</ASSIGN_IN_SETUP><ARGUMENT_ALIAS>e_Function_return_value1</ARGUMENT_ALIAS><NO_LOCAL_DECLARATION>N</NO_LOCAL_DECLARATION><OT_ATTRIBUTE_GUID></OT_ATTRIBUTE_GUID>
													<CREATED_ON>2010-01-30T16:01:41</CREATED_ON><CREATED_BY>TEST_SCHEMA</CREATED_BY><CHANGED_ON>2010-01-30T16:01:41</CHANGED_ON><CHANGED_BY>TEST_SCHEMA</CHANGED_BY>
													<DATATYPE_DECLARE>VARCHAR2(32767)</DATATYPE_DECLARE>
													<VALUE1><![CDATA[]]></VALUE1>
													<VALUE2><![CDATA[]]></VALUE2>
													<VALUE3><![CDATA[]]></VALUE3>
													<VALUE4><![CDATA[]]></VALUE4>
													<VALUE5><![CDATA[]]></VALUE5>
													<VALUE6><![CDATA[]]></VALUE6></COLUMNS></QU_ATTRIBUTES>
											<QU_ATTRIBUTES><COLUMNS><PARENT_GUID>{1FD4395F-F33E-434A-8B62-B9B2505F01BC}</PARENT_GUID><USAGE_TYPE>RESULT</USAGE_TYPE>
													<INTERNAL_VALUE><![CDATA[NULL]]></INTERNAL_VALUE>
													<EXTERNAL_VALUE><![CDATA[NULL]]></EXTERNAL_VALUE>
													<IS_EXPRESSION>N</IS_EXPRESSION><VALUE1_IS_EXPR>N</VALUE1_IS_EXPR><VALUE2_IS_EXPR>N</VALUE2_IS_EXPR><VALUE3_IS_EXPR>N</VALUE3_IS_EXPR><VALUE4_IS_EXPR>N</VALUE4_IS_EXPR><VALUE5_IS_EXPR>N</VALUE5_IS_EXPR><VALUE6_IS_EXPR>N</VALUE6_IS_EXPR><TEST_ELEMENT_GUID>{790DA639-BFD8-1247-E044-0003BA357108}</TEST_ELEMENT_GUID><ASSIGN_IN_SETUP>N</ASSIGN_IN_SETUP><ARGUMENT_ALIAS>Q##function_return_value</ARGUMENT_ALIAS><NO_LOCAL_DECLARATION>N</NO_LOCAL_DECLARATION><OT_ATTRIBUTE_GUID></OT_ATTRIBUTE_GUID>
													<CREATED_ON>2010-01-30T16:01:41</CREATED_ON><CREATED_BY>TEST_SCHEMA</CREATED_BY><CHANGED_ON>2010-01-30T16:01:41</CHANGED_ON><CHANGED_BY>TEST_SCHEMA</CHANGED_BY>
													<DATATYPE_DECLARE>VARCHAR2(32767)</DATATYPE_DECLARE>
													<VALUE1><![CDATA[]]></VALUE1>
													<VALUE2><![CDATA[]]></VALUE2>
													<VALUE3><![CDATA[]]></VALUE3>
													<VALUE4><![CDATA[]]></VALUE4>
													<VALUE5><![CDATA[]]></VALUE5>
													<VALUE6><![CDATA[]]></VALUE6></COLUMNS></QU_ATTRIBUTES>
										</ATTRIBUTES>
										<RESULTS>
											<QU_RESULT><COLUMNS><UNIVERSAL_ID>{C0C895A5-1E0C-4BCA-A156-822D1FFC68BC}</UNIVERSAL_ID><RESULT_LEVEL>OUTCOME</RESULT_LEVEL><RESULT_UNIVERSAL_ID>{1FD4395F-F33E-434A-8B62-B9B2505F01BC}</RESULT_UNIVERSAL_ID><PARENT_UNIVERSAL_ID>{6CC20E71-9C1C-4AAC-8AF5-D2AF72965EAA}</PARENT_UNIVERSAL_ID><RESULT_STATUS>SUCCESS</RESULT_STATUS>
													<DESCRIPTION><![CDATA[ From Program Value of "testtesttest" = Expected Value "testtesttest"]]></DESCRIPTION>
													<START_ON>2010-01-30T16:22:23.768000000</START_ON><END_ON>2010-01-30T16:22:23.846000000</END_ON>
													<HARNESS_GUID>{213CD4EE-7546-4B8B-8AA6-03CFB54C187E}</HARNESS_GUID>
													<CREATED_ON>2010-01-30T16:22:23</CREATED_ON><CREATED_BY>TEST_SCHEMA</CREATED_BY><CHANGED_ON>2010-01-30T16:22:23</CHANGED_ON><CHANGED_BY>TEST_SCHEMA</CHANGED_BY>
													<NAME><![CDATA[Scalar is equal to the expected value?]]></NAME><ITERATION>0</ITERATION><ELAPSED_TIME></ELAPSED_TIME></COLUMNS></QU_RESULT>
											<QU_RESULT><COLUMNS><UNIVERSAL_ID>{57D3AD84-C7CE-452B-98BD-900781CE72F5}</UNIVERSAL_ID><RESULT_LEVEL>OUTCOME</RESULT_LEVEL><RESULT_UNIVERSAL_ID>{1FD4395F-F33E-434A-8B62-B9B2505F01BC}</RESULT_UNIVERSAL_ID><PARENT_UNIVERSAL_ID>{C88C0852-127C-4619-A0C7-A950F24C5910}</PARENT_UNIVERSAL_ID><RESULT_STATUS>SUCCESS</RESULT_STATUS>
													<DESCRIPTION><![CDATA[ From Program Value of "testtesttest" = Expected Value "testtesttest"]]></DESCRIPTION>
													<START_ON>2010-01-30T16:11:18.859000000</START_ON><END_ON>2010-01-30T16:11:18.952000000</END_ON>
													<HARNESS_GUID>{ADCC0090-AC7B-4BF8-8DEB-B7966BCCEC13}</HARNESS_GUID>
													<CREATED_ON>2010-01-30T16:11:19</CREATED_ON><CREATED_BY>TEST_SCHEMA</CREATED_BY><CHANGED_ON>2010-01-30T16:11:19</CHANGED_ON><CHANGED_BY>TEST_SCHEMA</CHANGED_BY>
													<NAME><![CDATA[Scalar is equal to the expected value?]]></NAME><ITERATION>0</ITERATION><ELAPSED_TIME></ELAPSED_TIME></COLUMNS></QU_RESULT>
											<QU_RESULT><COLUMNS><UNIVERSAL_ID>{A9D8D062-EB55-4AE3-9097-8FB425FC2F15}</UNIVERSAL_ID><RESULT_LEVEL>OUTCOME</RESULT_LEVEL><RESULT_UNIVERSAL_ID>{1FD4395F-F33E-434A-8B62-B9B2505F01BC}</RESULT_UNIVERSAL_ID><PARENT_UNIVERSAL_ID>{03210934-6059-4092-9C7D-0869E1075BDE}</PARENT_UNIVERSAL_ID><RESULT_STATUS></RESULT_STATUS>
													<DESCRIPTION><![CDATA[No test results available at this level.]]></DESCRIPTION>
													<START_ON>2010-01-30T16:09:03.521000000</START_ON><END_ON>2010-01-30T16:09:03.521000000</END_ON>
													<HARNESS_GUID>{64B9EE5C-0138-40A6-8ACF-C1A55A0488C2}</HARNESS_GUID>
													<CREATED_ON>2010-01-30T16:09:03</CREATED_ON><CREATED_BY>TEST_SCHEMA</CREATED_BY><CHANGED_ON>2010-01-30T16:09:03</CHANGED_ON><CHANGED_BY>TEST_SCHEMA</CHANGED_BY>
													<NAME><![CDATA[Scalar is equal to the expected value?]]></NAME><ITERATION>0</ITERATION><ELAPSED_TIME></ELAPSED_TIME></COLUMNS></QU_RESULT>
										</RESULTS>
									</QU_OUTCOME>
								</OUTCOMES>
								<CODE_COVERAGE>
									<QU_CODE_COVERAGE_HDR><COLUMNS><UNIVERSAL_ID>{4B325288-99DB-45D0-A517-F103458C9AEF}</UNIVERSAL_ID><RESULT_RUN_GUID>{350A7F36-B22C-4DD4-8462-DE85BBEA517A}</RESULT_RUN_GUID><TEST_CASE_GUID>{790DA639-BFD9-1247-E044-0003BA357108}</TEST_CASE_GUID><RUNID>13</RUNID><RUN_COMMENT><![CDATA[DOUBLE_STRING-2-dbl_string_seq2_a-0-{790DA639-BFD9-1247-E044-0003BA357108}]]></RUN_COMMENT><RUN_TOTAL_TIME>2480378</RUN_TOTAL_TIME><RUN_SYSTEM_INFO><![CDATA[]]></RUN_SYSTEM_INFO><RUN_COMMENT1><![CDATA[]]></RUN_COMMENT1><UNIT_NUMBER>3</UNIT_NUMBER><UNIT_TYPE>FUNCTION</UNIT_TYPE><UNIT_OWNER>HR</UNIT_OWNER><UNIT_NAME>DOUBLE_STRING</UNIT_NAME><UNIT_TIMESTAMP>2010-01-27T08:29:11</UNIT_TIMESTAMP><TOTAL_TIME></TOTAL_TIME>
											<CREATED_ON>2010-01-30T16:01:41</CREATED_ON><CREATED_BY>TEST_SCHEMA</CREATED_BY><CHANGED_ON>2010-01-30T16:01:41</CHANGED_ON><CHANGED_BY>TEST_SCHEMA</CHANGED_BY></COLUMNS>
										<CODE_COVERAGE_DATA_ITEMS>
											<QU_CODE_COVERAGE_DATA><COLUMNS><CODE_COVERAGE_HDR_GUID>{4B325288-99DB-45D0-A517-F103458C9AEF}</CODE_COVERAGE_HDR_GUID><LINE>14</LINE>
													<TEXT><![CDATA[      RETURN prefix_in || self.a_string || self.a_string;]]></TEXT>
													<TOTAL_OCCUR>1</TOTAL_OCCUR><TOTAL_TIME>2344</TOTAL_TIME><MIN_TIME>2344</MIN_TIME><MAX_TIME>2344</MAX_TIME>
													<CREATED_ON>2010-01-30T16:01:41</CREATED_ON><CREATED_BY>TEST_SCHEMA</CREATED_BY><CHANGED_ON>2010-01-30T16:01:41</CHANGED_ON><CHANGED_BY>TEST_SCHEMA</CHANGED_BY></COLUMNS></QU_CODE_COVERAGE_DATA>
											<QU_CODE_COVERAGE_DATA><COLUMNS><CODE_COVERAGE_HDR_GUID>{4B325288-99DB-45D0-A517-F103458C9AEF}</CODE_COVERAGE_HDR_GUID><LINE>15</LINE>
													<TEXT><![CDATA[   END;]]></TEXT>
													<TOTAL_OCCUR>1</TOTAL_OCCUR><TOTAL_TIME>681</TOTAL_TIME><MIN_TIME>681</MIN_TIME><MAX_TIME>681</MAX_TIME>
													<CREATED_ON>2010-01-30T16:01:41</CREATED_ON><CREATED_BY>TEST_SCHEMA</CREATED_BY><CHANGED_ON>2010-01-30T16:01:41</CHANGED_ON><CHANGED_BY>TEST_SCHEMA</CHANGED_BY></COLUMNS></QU_CODE_COVERAGE_DATA>
										</CODE_COVERAGE_DATA_ITEMS>
									</QU_CODE_COVERAGE_HDR>
								</CODE_COVERAGE>
								<RESULTS>
									<QU_RESULT><COLUMNS><UNIVERSAL_ID>{6CC20E71-9C1C-4AAC-8AF5-D2AF72965EAA}</UNIVERSAL_ID><RESULT_LEVEL>TESTCASE</RESULT_LEVEL><RESULT_UNIVERSAL_ID>{790DA639-BFD9-1247-E044-0003BA357108}</RESULT_UNIVERSAL_ID><PARENT_UNIVERSAL_ID>{1FB80FF7-1BCF-49D6-BA1F-F6DCE90CB674}</PARENT_UNIVERSAL_ID><RESULT_STATUS>SUCCESS</RESULT_STATUS>
											<DESCRIPTION><![CDATA[Test succeeded up to this level.]]></DESCRIPTION>
											<START_ON>2010-01-30T16:22:23.846000000</START_ON><END_ON>2010-01-30T16:22:23.861000000</END_ON>
											<HARNESS_GUID>{213CD4EE-7546-4B8B-8AA6-03CFB54C187E}</HARNESS_GUID>
											<CREATED_ON>2010-01-30T16:22:23</CREATED_ON><CREATED_BY>TEST_SCHEMA</CREATED_BY><CHANGED_ON>2010-01-30T16:22:24</CHANGED_ON><CHANGED_BY>TEST_SCHEMA</CHANGED_BY>
											<NAME><![CDATA[dbl_string_seq2_a]]></NAME><ITERATION>0</ITERATION><ELAPSED_TIME></ELAPSED_TIME></COLUMNS></QU_RESULT>
									<QU_RESULT><COLUMNS><UNIVERSAL_ID>{C88C0852-127C-4619-A0C7-A950F24C5910}</UNIVERSAL_ID><RESULT_LEVEL>TESTCASE</RESULT_LEVEL><RESULT_UNIVERSAL_ID>{790DA639-BFD9-1247-E044-0003BA357108}</RESULT_UNIVERSAL_ID><PARENT_UNIVERSAL_ID>{E2FC8AAE-CC60-4C30-83E1-C9A384695A21}</PARENT_UNIVERSAL_ID><RESULT_STATUS>SUCCESS</RESULT_STATUS>
											<DESCRIPTION><![CDATA[Test succeeded up to this level.]]></DESCRIPTION>
											<START_ON>2010-01-30T16:11:18.937000000</START_ON><END_ON>2010-01-30T16:11:18.952000000</END_ON>
											<HARNESS_GUID>{ADCC0090-AC7B-4BF8-8DEB-B7966BCCEC13}</HARNESS_GUID>
											<CREATED_ON>2010-01-30T16:11:19</CREATED_ON><CREATED_BY>TEST_SCHEMA</CREATED_BY><CHANGED_ON>2010-01-30T16:11:19</CHANGED_ON><CHANGED_BY>TEST_SCHEMA</CHANGED_BY>
											<NAME><![CDATA[dbl_string_seq2_a]]></NAME><ITERATION>0</ITERATION><ELAPSED_TIME></ELAPSED_TIME></COLUMNS></QU_RESULT>
									<QU_RESULT><COLUMNS><UNIVERSAL_ID>{03210934-6059-4092-9C7D-0869E1075BDE}</UNIVERSAL_ID><RESULT_LEVEL>TESTCASE</RESULT_LEVEL><RESULT_UNIVERSAL_ID>{790DA639-BFD9-1247-E044-0003BA357108}</RESULT_UNIVERSAL_ID><PARENT_UNIVERSAL_ID>{75C58B5B-3658-46C9-B3D7-DE1549D47571}</PARENT_UNIVERSAL_ID><RESULT_STATUS>RUNTIME-ERROR</RESULT_STATUS>
											<DESCRIPTION><![CDATA[ORA-04067: not executed, type body "TEST_SCHEMA.QRT#OT_MEMBERS1" does not exist
ORA-06508: PL/SQL: could not find program unit being called

PL/SQL Error Backtrace: 
ORA-06512: at "TEST_SCHEMA.Q##QRT#OT_MEMBERS1", line 475
]]></DESCRIPTION>
											<START_ON>2010-01-30T16:09:03.599000000</START_ON><END_ON>2010-01-30T16:09:03.599000000</END_ON>
											<HARNESS_GUID>{64B9EE5C-0138-40A6-8ACF-C1A55A0488C2}</HARNESS_GUID>
											<CREATED_ON>2010-01-30T16:09:03</CREATED_ON><CREATED_BY>TEST_SCHEMA</CREATED_BY><CHANGED_ON>2010-01-30T16:09:03</CHANGED_ON><CHANGED_BY>TEST_SCHEMA</CHANGED_BY>
											<NAME><![CDATA[dbl_string_seq2_a]]></NAME><ITERATION>0</ITERATION><ELAPSED_TIME></ELAPSED_TIME></COLUMNS></QU_RESULT>
								</RESULTS>
								<OUTARGS>
									<QU_RESULT><COLUMNS><UNIVERSAL_ID>{706CE56D-7B32-48BD-8543-2AA267307796}</UNIVERSAL_ID><RESULT_LEVEL>OUTARG</RESULT_LEVEL><RESULT_UNIVERSAL_ID>{790DA639-BFBF-1247-E044-0003BA357108}|{6CC20E71-9C1C-4AAC-8AF5-D2AF72965EAA}</RESULT_UNIVERSAL_ID><PARENT_UNIVERSAL_ID>{6CC20E71-9C1C-4AAC-8AF5-D2AF72965EAA}</PARENT_UNIVERSAL_ID><RESULT_STATUS>SUCCESS</RESULT_STATUS>
											<DESCRIPTION><![CDATA[test]]></DESCRIPTION>
											<START_ON>2010-01-30T16:22:23.846000000</START_ON><END_ON>2010-01-30T16:22:23.846000000</END_ON>
											<HARNESS_GUID>{213CD4EE-7546-4B8B-8AA6-03CFB54C187E}</HARNESS_GUID>
											<CREATED_ON>2010-01-30T16:22:24</CREATED_ON><CREATED_BY>TEST_SCHEMA</CREATED_BY><CHANGED_ON>2010-01-30T16:22:24</CHANGED_ON><CHANGED_BY>TEST_SCHEMA</CHANGED_BY>
											<NAME><![CDATA[SELF.A_STRING]]></NAME><ITERATION>0</ITERATION><ELAPSED_TIME></ELAPSED_TIME>
											<CLOB_VALUE><![CDATA[test]]></CLOB_VALUE></COLUMNS></QU_RESULT>
									<QU_RESULT><COLUMNS><UNIVERSAL_ID>{1A3CF347-ABEC-40C8-90A2-2C168A394931}</UNIVERSAL_ID><RESULT_LEVEL>OUTARG</RESULT_LEVEL><RESULT_UNIVERSAL_ID>{790DA639-BFD8-1247-E044-0003BA357108}|{6CC20E71-9C1C-4AAC-8AF5-D2AF72965EAA}</RESULT_UNIVERSAL_ID><PARENT_UNIVERSAL_ID>{6CC20E71-9C1C-4AAC-8AF5-D2AF72965EAA}</PARENT_UNIVERSAL_ID><RESULT_STATUS>SUCCESS</RESULT_STATUS>
											<DESCRIPTION><![CDATA[testtesttest]]></DESCRIPTION>
											<START_ON>2010-01-30T16:22:23.846000000</START_ON><END_ON>2010-01-30T16:22:23.846000000</END_ON>
											<HARNESS_GUID>{213CD4EE-7546-4B8B-8AA6-03CFB54C187E}</HARNESS_GUID>
											<CREATED_ON>2010-01-30T16:22:24</CREATED_ON><CREATED_BY>TEST_SCHEMA</CREATED_BY><CHANGED_ON>2010-01-30T16:22:24</CHANGED_ON><CHANGED_BY>TEST_SCHEMA</CHANGED_BY>
											<NAME><![CDATA[RETURN]]></NAME><ITERATION>0</ITERATION><ELAPSED_TIME></ELAPSED_TIME>
											<CLOB_VALUE><![CDATA[testtesttest]]></CLOB_VALUE></COLUMNS></QU_RESULT>
									<QU_RESULT><COLUMNS><UNIVERSAL_ID>{49355292-91D0-420E-B698-E655C4B5356C}</UNIVERSAL_ID><RESULT_LEVEL>OUTARG</RESULT_LEVEL><RESULT_UNIVERSAL_ID>{790DA639-BFBF-1247-E044-0003BA357108}|{C88C0852-127C-4619-A0C7-A950F24C5910}</RESULT_UNIVERSAL_ID><PARENT_UNIVERSAL_ID>{C88C0852-127C-4619-A0C7-A950F24C5910}</PARENT_UNIVERSAL_ID><RESULT_STATUS>SUCCESS</RESULT_STATUS>
											<DESCRIPTION><![CDATA[test]]></DESCRIPTION>
											<START_ON>2010-01-30T16:11:18.952000000</START_ON><END_ON>2010-01-30T16:11:18.952000000</END_ON>
											<HARNESS_GUID>{ADCC0090-AC7B-4BF8-8DEB-B7966BCCEC13}</HARNESS_GUID>
											<CREATED_ON>2010-01-30T16:11:19</CREATED_ON><CREATED_BY>TEST_SCHEMA</CREATED_BY><CHANGED_ON>2010-01-30T16:11:19</CHANGED_ON><CHANGED_BY>TEST_SCHEMA</CHANGED_BY>
											<NAME><![CDATA[SELF.A_STRING]]></NAME><ITERATION>0</ITERATION><ELAPSED_TIME></ELAPSED_TIME>
											<CLOB_VALUE><![CDATA[test]]></CLOB_VALUE></COLUMNS></QU_RESULT>
									<QU_RESULT><COLUMNS><UNIVERSAL_ID>{13501CA7-B6EE-4D6E-8C14-C025D6B80355}</UNIVERSAL_ID><RESULT_LEVEL>OUTARG</RESULT_LEVEL><RESULT_UNIVERSAL_ID>{790DA639-BFD8-1247-E044-0003BA357108}|{C88C0852-127C-4619-A0C7-A950F24C5910}</RESULT_UNIVERSAL_ID><PARENT_UNIVERSAL_ID>{C88C0852-127C-4619-A0C7-A950F24C5910}</PARENT_UNIVERSAL_ID><RESULT_STATUS>SUCCESS</RESULT_STATUS>
											<DESCRIPTION><![CDATA[testtesttest]]></DESCRIPTION>
											<START_ON>2010-01-30T16:11:18.952000000</START_ON><END_ON>2010-01-30T16:11:18.952000000</END_ON>
											<HARNESS_GUID>{ADCC0090-AC7B-4BF8-8DEB-B7966BCCEC13}</HARNESS_GUID>
											<CREATED_ON>2010-01-30T16:11:19</CREATED_ON><CREATED_BY>TEST_SCHEMA</CREATED_BY><CHANGED_ON>2010-01-30T16:11:19</CHANGED_ON><CHANGED_BY>TEST_SCHEMA</CHANGED_BY>
											<NAME><![CDATA[RETURN]]></NAME><ITERATION>0</ITERATION><ELAPSED_TIME></ELAPSED_TIME>
											<CLOB_VALUE><![CDATA[testtesttest]]></CLOB_VALUE></COLUMNS></QU_RESULT>
								</OUTARGS>
							</QU_TEST_CASE>
						</TEST_CASES>
						<RESULTS>
							<QU_RESULT><COLUMNS><UNIVERSAL_ID>{1FB80FF7-1BCF-49D6-BA1F-F6DCE90CB674}</UNIVERSAL_ID><RESULT_LEVEL>UNITTEST</RESULT_LEVEL><RESULT_UNIVERSAL_ID>{790DA639-BFD5-1247-E044-0003BA357108}</RESULT_UNIVERSAL_ID><PARENT_UNIVERSAL_ID>{213CD4EE-7546-4B8B-8AA6-03CFB54C187E}</PARENT_UNIVERSAL_ID><RESULT_STATUS>SUCCESS</RESULT_STATUS>
									<DESCRIPTION><![CDATA[Test succeeded up to this level.]]></DESCRIPTION>
									<START_ON>2010-01-30T16:22:23.846000000</START_ON><END_ON>2010-01-30T16:22:23.861000000</END_ON>
									<HARNESS_GUID>{213CD4EE-7546-4B8B-8AA6-03CFB54C187E}</HARNESS_GUID>
									<CREATED_ON>2010-01-30T16:22:23</CREATED_ON><CREATED_BY>TEST_SCHEMA</CREATED_BY><CHANGED_ON>2010-01-30T16:22:24</CHANGED_ON><CHANGED_BY>TEST_SCHEMA</CHANGED_BY>
									<NAME><![CDATA[DOUBLE_STRING (Member Function - Sequence 2)]]></NAME><ITERATION>0</ITERATION><ELAPSED_TIME></ELAPSED_TIME></COLUMNS></QU_RESULT>
							<QU_RESULT><COLUMNS><UNIVERSAL_ID>{E2FC8AAE-CC60-4C30-83E1-C9A384695A21}</UNIVERSAL_ID><RESULT_LEVEL>UNITTEST</RESULT_LEVEL><RESULT_UNIVERSAL_ID>{790DA639-BFD5-1247-E044-0003BA357108}</RESULT_UNIVERSAL_ID><PARENT_UNIVERSAL_ID>{ADCC0090-AC7B-4BF8-8DEB-B7966BCCEC13}</PARENT_UNIVERSAL_ID><RESULT_STATUS>SUCCESS</RESULT_STATUS>
									<DESCRIPTION><![CDATA[Test succeeded up to this level.]]></DESCRIPTION>
									<START_ON>2010-01-30T16:11:18.937000000</START_ON><END_ON>2010-01-30T16:11:18.952000000</END_ON>
									<HARNESS_GUID>{ADCC0090-AC7B-4BF8-8DEB-B7966BCCEC13}</HARNESS_GUID>
									<CREATED_ON>2010-01-30T16:11:19</CREATED_ON><CREATED_BY>TEST_SCHEMA</CREATED_BY><CHANGED_ON>2010-01-30T16:11:19</CHANGED_ON><CHANGED_BY>TEST_SCHEMA</CHANGED_BY>
									<NAME><![CDATA[DOUBLE_STRING (Member Function - Sequence 2)]]></NAME><ITERATION>0</ITERATION><ELAPSED_TIME></ELAPSED_TIME></COLUMNS></QU_RESULT>
							<QU_RESULT><COLUMNS><UNIVERSAL_ID>{75C58B5B-3658-46C9-B3D7-DE1549D47571}</UNIVERSAL_ID><RESULT_LEVEL>UNITTEST</RESULT_LEVEL><RESULT_UNIVERSAL_ID>{790DA639-BFD5-1247-E044-0003BA357108}</RESULT_UNIVERSAL_ID><PARENT_UNIVERSAL_ID>{64B9EE5C-0138-40A6-8ACF-C1A55A0488C2}</PARENT_UNIVERSAL_ID><RESULT_STATUS>RUNTIME-ERROR</RESULT_STATUS>
									<DESCRIPTION><![CDATA[Test failed at this level.]]></DESCRIPTION>
									<START_ON>2010-01-30T16:09:03.599000000</START_ON><END_ON>2010-01-30T16:09:03.599000000</END_ON>
									<HARNESS_GUID>{64B9EE5C-0138-40A6-8ACF-C1A55A0488C2}</HARNESS_GUID>
									<CREATED_ON>2010-01-30T16:09:03</CREATED_ON><CREATED_BY>TEST_SCHEMA</CREATED_BY><CHANGED_ON>2010-01-30T16:09:03</CHANGED_ON><CHANGED_BY>TEST_SCHEMA</CHANGED_BY>
									<NAME><![CDATA[DOUBLE_STRING (Member Function - Sequence 2)]]></NAME><ITERATION>0</ITERATION><ELAPSED_TIME></ELAPSED_TIME></COLUMNS></QU_RESULT>
						</RESULTS>
					</QU_UNIT_TEST>
				</UNIT_TESTS>
				<RESULTS>
					<QU_RESULT><COLUMNS><UNIVERSAL_ID>{213CD4EE-7546-4B8B-8AA6-03CFB54C187E}</UNIVERSAL_ID><RESULT_LEVEL>HARNESS</RESULT_LEVEL><RESULT_UNIVERSAL_ID>{790DA639-BFBE-1247-E044-0003BA357108}</RESULT_UNIVERSAL_ID><PARENT_UNIVERSAL_ID>{93FB28F1-8154-4B93-9DC2-3D49E6C6098F}</PARENT_UNIVERSAL_ID><RESULT_STATUS>SUCCESS</RESULT_STATUS>
							<DESCRIPTION><![CDATA[Test succeeded up to this level.]]></DESCRIPTION>
							<START_ON>2010-01-30T16:22:23.752000000</START_ON><END_ON>2010-01-30T16:22:23.861000000</END_ON>
							<HARNESS_GUID>{213CD4EE-7546-4B8B-8AA6-03CFB54C187E}</HARNESS_GUID>
							<CREATED_ON>2010-01-30T16:22:23</CREATED_ON><CREATED_BY>TEST_SCHEMA</CREATED_BY><CHANGED_ON>2010-01-30T16:22:24</CHANGED_ON><CHANGED_BY>TEST_SCHEMA</CHANGED_BY>
							<NAME><![CDATA[TEST_SCHEMA.QRT#OT_MEMBERS1]]></NAME><ITERATION>0</ITERATION><ELAPSED_TIME></ELAPSED_TIME></COLUMNS></QU_RESULT>
					<QU_RESULT><COLUMNS><UNIVERSAL_ID>{ADCC0090-AC7B-4BF8-8DEB-B7966BCCEC13}</UNIVERSAL_ID><RESULT_LEVEL>HARNESS</RESULT_LEVEL><RESULT_UNIVERSAL_ID>{790DA639-BFBE-1247-E044-0003BA357108}</RESULT_UNIVERSAL_ID><PARENT_UNIVERSAL_ID></PARENT_UNIVERSAL_ID><RESULT_STATUS>SUCCESS</RESULT_STATUS>
							<DESCRIPTION><![CDATA[Test succeeded up to this level.]]></DESCRIPTION>
							<START_ON>2010-01-30T16:11:18.843000000</START_ON><END_ON>2010-01-30T16:11:18.952000000</END_ON>
							<HARNESS_GUID>{ADCC0090-AC7B-4BF8-8DEB-B7966BCCEC13}</HARNESS_GUID>
							<CREATED_ON>2010-01-30T16:11:18</CREATED_ON><CREATED_BY>TEST_SCHEMA</CREATED_BY><CHANGED_ON>2010-01-30T16:17:39</CHANGED_ON><CHANGED_BY>TEST_SCHEMA</CHANGED_BY>
							<NAME><![CDATA[TEST_SCHEMA.QRT#OT_MEMBERS1]]></NAME><ITERATION>0</ITERATION><ELAPSED_TIME></ELAPSED_TIME></COLUMNS></QU_RESULT>
					<QU_RESULT><COLUMNS><UNIVERSAL_ID>{64B9EE5C-0138-40A6-8ACF-C1A55A0488C2}</UNIVERSAL_ID><RESULT_LEVEL>HARNESS</RESULT_LEVEL><RESULT_UNIVERSAL_ID>{790DA639-BFBE-1247-E044-0003BA357108}</RESULT_UNIVERSAL_ID><PARENT_UNIVERSAL_ID></PARENT_UNIVERSAL_ID><RESULT_STATUS>RUNTIME-ERROR</RESULT_STATUS>
							<DESCRIPTION><![CDATA[Test failed at this level.]]></DESCRIPTION>
							<START_ON>2010-01-30T16:09:03.506000000</START_ON><END_ON>2010-01-30T16:09:03.615000000</END_ON>
							<HARNESS_GUID>{64B9EE5C-0138-40A6-8ACF-C1A55A0488C2}</HARNESS_GUID>
							<CREATED_ON>2010-01-30T16:09:03</CREATED_ON><CREATED_BY>TEST_SCHEMA</CREATED_BY><CHANGED_ON>2010-01-30T16:17:39</CHANGED_ON><CHANGED_BY>TEST_SCHEMA</CHANGED_BY>
							<NAME><![CDATA[TEST_SCHEMA.QRT#OT_MEMBERS1]]></NAME><ITERATION>0</ITERATION><ELAPSED_TIME></ELAPSED_TIME></COLUMNS></QU_RESULT>
				</RESULTS>
				<SOURCE_CODE_SNAPSHOT>
					<QU_SOURCE_CODE_HDR><COLUMNS><UNIVERSAL_ID>{FC704842-DF42-47FA-AA97-8C6F69B73A08}</UNIVERSAL_ID><HARNESS_GUID>{790DA639-BFBE-1247-E044-0003BA357108}</HARNESS_GUID>
							<CREATED_ON>2010-01-30T16:09:02</CREATED_ON><CREATED_BY>TEST_SCHEMA</CREATED_BY><CHANGED_ON>2010-01-30T16:09:02</CHANGED_ON><CHANGED_BY>TEST_SCHEMA</CHANGED_BY>
							<TEMPLATE_GUID></TEMPLATE_GUID></COLUMNS>
						<SOURCE_CODE_LINES>
							<QU_SOURCE_CODE><COLUMNS><HEADER_GUID>{FC704842-DF42-47FA-AA97-8C6F69B73A08}</HEADER_GUID><TYPE>TYPE</TYPE><LINE>1</LINE><TEXT><![CDATA[TYPE qrt#ot_members1 AS OBJECT
]]></TEXT><CREATED_ON>2010-01-30T16:09:02</CREATED_ON><CREATED_BY>TEST_SCHEMA</CREATED_BY><CHANGED_ON>2010-01-30T16:09:02</CHANGED_ON><CHANGED_BY>TEST_SCHEMA</CHANGED_BY></COLUMNS></QU_SOURCE_CODE>
							<QU_SOURCE_CODE><COLUMNS><HEADER_GUID>{FC704842-DF42-47FA-AA97-8C6F69B73A08}</HEADER_GUID><TYPE>TYPE</TYPE><LINE>2</LINE><TEXT><![CDATA[   (a_string VARCHAR2 (4000)
]]></TEXT><CREATED_ON>2010-01-30T16:09:02</CREATED_ON><CREATED_BY>TEST_SCHEMA</CREATED_BY><CHANGED_ON>2010-01-30T16:09:02</CHANGED_ON><CHANGED_BY>TEST_SCHEMA</CHANGED_BY></COLUMNS></QU_SOURCE_CODE>
							<QU_SOURCE_CODE><COLUMNS><HEADER_GUID>{FC704842-DF42-47FA-AA97-8C6F69B73A08}</HEADER_GUID><TYPE>TYPE</TYPE><LINE>3</LINE><TEXT><![CDATA[  , MEMBER FUNCTION double_string
]]></TEXT><CREATED_ON>2010-01-30T16:09:02</CREATED_ON><CREATED_BY>TEST_SCHEMA</CREATED_BY><CHANGED_ON>2010-01-30T16:09:02</CHANGED_ON><CHANGED_BY>TEST_SCHEMA</CHANGED_BY></COLUMNS></QU_SOURCE_CODE>
							<QU_SOURCE_CODE><COLUMNS><HEADER_GUID>{FC704842-DF42-47FA-AA97-8C6F69B73A08}</HEADER_GUID><TYPE>TYPE</TYPE><LINE>4</LINE><TEXT><![CDATA[       RETURN VARCHAR2
]]></TEXT><CREATED_ON>2010-01-30T16:09:02</CREATED_ON><CREATED_BY>TEST_SCHEMA</CREATED_BY><CHANGED_ON>2010-01-30T16:09:02</CHANGED_ON><CHANGED_BY>TEST_SCHEMA</CHANGED_BY></COLUMNS></QU_SOURCE_CODE>
							<QU_SOURCE_CODE><COLUMNS><HEADER_GUID>{FC704842-DF42-47FA-AA97-8C6F69B73A08}</HEADER_GUID><TYPE>TYPE</TYPE><LINE>5</LINE><TEXT><![CDATA[  , MEMBER FUNCTION double_string (prefix_in IN VARCHAR2)
]]></TEXT><CREATED_ON>2010-01-30T16:09:02</CREATED_ON><CREATED_BY>TEST_SCHEMA</CREATED_BY><CHANGED_ON>2010-01-30T16:09:02</CHANGED_ON><CHANGED_BY>TEST_SCHEMA</CHANGED_BY></COLUMNS></QU_SOURCE_CODE>
							<QU_SOURCE_CODE><COLUMNS><HEADER_GUID>{FC704842-DF42-47FA-AA97-8C6F69B73A08}</HEADER_GUID><TYPE>TYPE</TYPE><LINE>6</LINE><TEXT><![CDATA[       RETURN VARCHAR2
]]></TEXT><CREATED_ON>2010-01-30T16:09:02</CREATED_ON><CREATED_BY>TEST_SCHEMA</CREATED_BY><CHANGED_ON>2010-01-30T16:09:02</CHANGED_ON><CHANGED_BY>TEST_SCHEMA</CHANGED_BY></COLUMNS></QU_SOURCE_CODE>
							<QU_SOURCE_CODE><COLUMNS><HEADER_GUID>{FC704842-DF42-47FA-AA97-8C6F69B73A08}</HEADER_GUID><TYPE>TYPE</TYPE><LINE>7</LINE><TEXT><![CDATA[   )
]]></TEXT><CREATED_ON>2010-01-30T16:09:02</CREATED_ON><CREATED_BY>TEST_SCHEMA</CREATED_BY><CHANGED_ON>2010-01-30T16:09:02</CHANGED_ON><CHANGED_BY>TEST_SCHEMA</CHANGED_BY></COLUMNS></QU_SOURCE_CODE>
							<QU_SOURCE_CODE><COLUMNS><HEADER_GUID>{FC704842-DF42-47FA-AA97-8C6F69B73A08}</HEADER_GUID><TYPE>TYPE</TYPE><LINE>8</LINE><TEXT><![CDATA[   NOT FINAL;]]></TEXT><CREATED_ON>2010-01-30T16:09:02</CREATED_ON><CREATED_BY>TEST_SCHEMA</CREATED_BY><CHANGED_ON>2010-01-30T16:09:02</CHANGED_ON><CHANGED_BY>TEST_SCHEMA</CHANGED_BY></COLUMNS></QU_SOURCE_CODE>
						</SOURCE_CODE_LINES>
					</QU_SOURCE_CODE_HDR>
				</SOURCE_CODE_SNAPSHOT>
			</QU_HARNESS>
		</TEST_DEFINITIONS><SUITE_HARNESSES>
			<QU_SUITE_HARNESS><COLUMNS>
					<UNIVERSAL_ID>{4728F31D-F393-4193-BECD-A1ADF0472C74}</UNIVERSAL_ID>
					<SUITE_GUID>{6D866E6B-95AC-4506-BA92-7223633985C6}</SUITE_GUID>
					<HARNESS_GUID>{790DA639-BFBE-1247-E044-0003BA357108}</HARNESS_GUID>
					<TEST_STATUS>Y</TEST_STATUS>
					<CREATED_ON>2010-01-30T16:17:48</CREATED_ON>
					<CREATED_BY>TEST_SCHEMA</CREATED_BY>
					<CHANGED_ON>2010-01-30T16:17:48</CHANGED_ON>
					<CHANGED_BY>TEST_SCHEMA</CHANGED_BY>
					<HARNESS_ORDER></HARNESS_ORDER>
					<CONDITIONAL_EXECUTION><![CDATA[]]></CONDITIONAL_EXECUTION>
					<RUN_WHEN_PRIOR_FAILS>Y</RUN_WHEN_PRIOR_FAILS>
				</COLUMNS></QU_SUITE_HARNESS>
		</SUITE_HARNESSES></QU_SUITE>
</QCTO_EXPORT>
