<QCTO_EXPORT>
	<!--
To avoid parsing errors with nested CDATA tags, we have performed replacements
as follows:
   {7F90763C-0E3B-4EDB-9901-25FFC60D4CE3} is used in place of the CDATA text that starts the section
   {73216B1F-624F-4707-9F5B-7F9E5FC13A2C} is used in place of the double closed square brackets used to end the section
If you want to work with a nested XML fragment directly from this file, you
may need to reverse these changes. 
-->
	<QCTO_EXPORT_HEADER>
		<QCTO_VERSION>1.9.0.486</QCTO_VERSION>
		<TIMESTAMP_FORMAT>YYYY-MM-DD"T"HH24:MI:SS</TIMESTAMP_FORMAT>
		<CREATED_ON>2010-01-02T12:41:24</CREATED_ON>
		<CREATED_BY>QCTO19</CREATED_BY>
		<EXPORT_TYPE>HARNESS</EXPORT_TYPE>
	</QCTO_EXPORT_HEADER>
	<TEST_DEFINITIONS>
		<QU_HARNESS>
			<COLUMNS><UNIVERSAL_ID>{DD7B6DF9-2DB8-4960-A3C4-8F4215B854A3}</UNIVERSAL_ID><HARNESS_OWNER>QCTO19</HARNESS_OWNER><NAME><![CDATA[Q##NUM_INSTR]]></NAME>
				<DESCRIPTION><![CDATA[]]></DESCRIPTION>
				<TEST_ENGINE_TYPE>QuestCodeTesterOracle</TEST_ENGINE_TYPE><HARNESS_TYPE>PACKAGE</HARNESS_TYPE><PROGRAM_OWNER>QCTO19</PROGRAM_OWNER><PROGRAM_NAME><![CDATA[NUM_INSTR]]></PROGRAM_NAME><PROGRAM_TYPE>FUNCTION</PROGRAM_TYPE><PREFIX>Q##</PREFIX><SUFFIX></SUFFIX><IS_TEST_HARNESS>N</IS_TEST_HARNESS>
				<EXT_SETUP_CODE><![CDATA[]]></EXT_SETUP_CODE>
				<EXT_TEARDOWN_CODE><![CDATA[]]></EXT_TEARDOWN_CODE>
				<SPEC_CODE><![CDATA[]]></SPEC_CODE>
				<BODY_CODE><![CDATA[]]></BODY_CODE>
				<IS_EXAMPLE>N</IS_EXAMPLE>
				<DEFINITION_STATUS>Under Development</DEFINITION_STATUS>
				<CREATED_ON>2010-01-02T12:36:01</CREATED_ON><CREATED_BY>QCTO19</CREATED_BY><CHANGED_ON>2010-01-02T12:41:07</CHANGED_ON><CHANGED_BY>QCTO19</CHANGED_BY>
				<DECLARATIONS><![CDATA[]]></DECLARATIONS>
				<SETUP_CODE><![CDATA[]]></SETUP_CODE>
				<TEARDOWN_CODE><![CDATA[]]></TEARDOWN_CODE>
				<IS_LOCKED>N</IS_LOCKED>
				<EXT_TC_EXEC_CODE><![CDATA[]]></EXT_TC_EXEC_CODE>
				<LAST_RUN_STATUS></LAST_RUN_STATUS><PROGRAM_STATUS></PROGRAM_STATUS><TEST_CODE_STATUS></TEST_CODE_STATUS><TEST_CODE_CURRENT><![CDATA[]]></TEST_CODE_CURRENT><TEST_DEFINITION_CURRENT><![CDATA[]]></TEST_DEFINITION_CURRENT>
				<DECLARE_PROGRAMS><![CDATA[]]></DECLARE_PROGRAMS>
				<LAST_RUN_ON></LAST_RUN_ON>
				<PRIVATE_DECLARATIONS><![CDATA[]]></PRIVATE_DECLARATIONS>
				<PRIVATE_DECLARE_PROGRAMS><![CDATA[]]></PRIVATE_DECLARE_PROGRAMS>
				<INVOKER_RIGHTS></INVOKER_RIGHTS><PROFILE_EXECUTION>N</PROFILE_EXECUTION><USE_NAMED_NOTATION>Y</USE_NAMED_NOTATION><RANDOM_EXECUTION>N</RANDOM_EXECUTION><ATTRIBUTE_COUNT></ATTRIBUTE_COUNT><METHODS_COUNT></METHODS_COUNT><PREDEFINED></PREDEFINED><INCOMPLETE></INCOMPLETE><FINAL></FINAL><INSTANTIABLE></INSTANTIABLE><SUPERTYPE_OWNER></SUPERTYPE_OWNER><SUPERTYPE_NAME></SUPERTYPE_NAME></COLUMNS>
			<TEST_DATA_GROUPS>
			</TEST_DATA_GROUPS>
			<OT_ATTRIBUTES>
			</OT_ATTRIBUTES>
			<UNIT_TESTS>
				<QU_UNIT_TEST>
					<COLUMNS><UNIVERSAL_ID>{1AAB4969-50CD-45CF-8DE2-D504874D096A}</UNIVERSAL_ID><HARNESS_GUID>{DD7B6DF9-2DB8-4960-A3C4-8F4215B854A3}</HARNESS_GUID><NAME><![CDATA[NUM_INSTR (Function)]]></NAME>
						<DESCRIPTION><![CDATA[Unit test for "NUM_INSTR"]]></DESCRIPTION>
						<PROGRAM_NAME><![CDATA[NUM_INSTR]]></PROGRAM_NAME><PROGRAM_TYPE>FUNCTION</PROGRAM_TYPE><OVERLOAD></OVERLOAD><UT_PROGRAM_NAME><![CDATA[Q##NUM_INSTR]]></UT_PROGRAM_NAME><TESTING_STATUS>Y</TESTING_STATUS><EXCEPTION_ON_FAILURE></EXCEPTION_ON_FAILURE>
						<CREATED_ON>2010-01-02T12:36:02</CREATED_ON><CREATED_BY>QCTO19</CREATED_BY><CHANGED_ON>2010-01-02T12:37:42</CHANGED_ON><CHANGED_BY>QCTO19</CHANGED_BY>
						<DECLARATIONS><![CDATA[]]></DECLARATIONS>
						<SETUP_CODE><![CDATA[]]></SETUP_CODE>
						<TEARDOWN_CODE><![CDATA[]]></TEARDOWN_CODE>
						<EXCEPTIONS><![CDATA[]]></EXCEPTIONS>
						<DECLARE_PROGRAMS><![CDATA[]]></DECLARE_PROGRAMS>
						<CONDITIONAL_EXECUTION><![CDATA[]]></CONDITIONAL_EXECUTION>
						<PROFILE_EXECUTION>N</PROFILE_EXECUTION><RANDOM_EXECUTION>N</RANDOM_EXECUTION><METHOD_NAME></METHOD_NAME><METHOD_NO></METHOD_NO><METHOD_TYPE></METHOD_TYPE><METHOD_DESCRIPTOR></METHOD_DESCRIPTOR><PARAMETERS></PARAMETERS>
						<RESULTS></RESULTS><FINAL></FINAL><INSTANTIABLE></INSTANTIABLE><OVERRIDING></OVERRIDING><INHERITED></INHERITED><START_LINE></START_LINE><END_LINE></END_LINE><CODE_COVERAGE_GOAL></CODE_COVERAGE_GOAL></COLUMNS>
					<TEST_ELEMENTS>
						<QU_TEST_ELEMENT>
							<COLUMNS><UNIVERSAL_ID>{10AE1C4B-0DCA-4698-BFA2-7A7590B2585E}</UNIVERSAL_ID><UNIT_TEST_GUID>{1AAB4969-50CD-45CF-8DE2-D504874D096A}</UNIT_TEST_GUID><NAME><![CDATA[STRING_IN]]></NAME><DATA_TYPE_GUID>{A13E1D34-8283-4A8B-9463-1B427220581E}</DATA_TYPE_GUID><DATA_TYPE_NAME>VARCHAR2(32767)</DATA_TYPE_NAME>
								<DESCRIPTION><![CDATA[Test element for "STRING_IN"]]></DESCRIPTION>
								<DEFINITION><![CDATA[]]></DEFINITION>
								<DEFAULT_VALUE><![CDATA[NULL]]></DEFAULT_VALUE>
								<EXTERNAL_VALUE><![CDATA[NULL]]></EXTERNAL_VALUE>
								<IS_EXPRESSION>Y</IS_EXPRESSION><ASSIGN_IN_SETUP>N</ASSIGN_IN_SETUP><ELEMENT_TYPE>ARGUMENT</ELEMENT_TYPE><POSITION>1</POSITION><ARGUMENT_MODE>IN</ARGUMENT_MODE><ARGUMENT_ALIAS>L_STRING_IN</ARGUMENT_ALIAS><CONTROL_ALIAS></CONTROL_ALIAS>
								<CREATED_ON>2010-01-02T12:36:02</CREATED_ON><CREATED_BY>QCTO19</CREATED_BY><CHANGED_ON>2010-01-02T12:36:02</CHANGED_ON><CHANGED_BY>QCTO19</CHANGED_BY>
								<PARAM_TYPE_MOD></PARAM_TYPE_MOD><PARAM_TYPE_OWNER></PARAM_TYPE_OWNER><PARAM_TYPE_NAME></PARAM_TYPE_NAME><CHARACTER_SET_NAME></CHARACTER_SET_NAME></COLUMNS>
							<ATTRIBUTES>
								<QU_ATTRIBUTES><COLUMNS><PARENT_GUID>{10AE1C4B-0DCA-4698-BFA2-7A7590B2585E}</PARENT_GUID><USAGE_TYPE>DEFAULT</USAGE_TYPE>
										<INTERNAL_VALUE><![CDATA[]]></INTERNAL_VALUE>
										<EXTERNAL_VALUE><![CDATA[]]></EXTERNAL_VALUE>
										<IS_EXPRESSION>N</IS_EXPRESSION><VALUE1_IS_EXPR>N</VALUE1_IS_EXPR><VALUE2_IS_EXPR>N</VALUE2_IS_EXPR><VALUE3_IS_EXPR>N</VALUE3_IS_EXPR><VALUE4_IS_EXPR>N</VALUE4_IS_EXPR><VALUE5_IS_EXPR>N</VALUE5_IS_EXPR><VALUE6_IS_EXPR>N</VALUE6_IS_EXPR><TEST_ELEMENT_GUID>{10AE1C4B-0DCA-4698-BFA2-7A7590B2585E}</TEST_ELEMENT_GUID><ASSIGN_IN_SETUP>N</ASSIGN_IN_SETUP><ARGUMENT_ALIAS></ARGUMENT_ALIAS><NO_LOCAL_DECLARATION>N</NO_LOCAL_DECLARATION><OT_ATTRIBUTE_GUID></OT_ATTRIBUTE_GUID>
										<CREATED_ON>2010-01-02T12:36:02</CREATED_ON><CREATED_BY>QCTO19</CREATED_BY><CHANGED_ON>2010-01-02T12:36:02</CHANGED_ON><CHANGED_BY>QCTO19</CHANGED_BY>
										<DATATYPE_DECLARE></DATATYPE_DECLARE>
										<VALUE1><![CDATA[]]></VALUE1>
										<VALUE2><![CDATA[]]></VALUE2>
										<VALUE3><![CDATA[]]></VALUE3>
										<VALUE4><![CDATA[]]></VALUE4>
										<VALUE5><![CDATA[]]></VALUE5>
										<VALUE6><![CDATA[]]></VALUE6></COLUMNS></QU_ATTRIBUTES>
							</ATTRIBUTES>
						</QU_TEST_ELEMENT>
						<QU_TEST_ELEMENT>
							<COLUMNS><UNIVERSAL_ID>{63D6EF1E-E582-48D1-B647-72A5900AF8E9}</UNIVERSAL_ID><UNIT_TEST_GUID>{1AAB4969-50CD-45CF-8DE2-D504874D096A}</UNIT_TEST_GUID><NAME><![CDATA[SUBSTRING_IN]]></NAME><DATA_TYPE_GUID>{A13E1D34-8283-4A8B-9463-1B427220581E}</DATA_TYPE_GUID><DATA_TYPE_NAME>VARCHAR2(32767)</DATA_TYPE_NAME>
								<DESCRIPTION><![CDATA[Test element for "SUBSTRING_IN"]]></DESCRIPTION>
								<DEFINITION><![CDATA[]]></DEFINITION>
								<DEFAULT_VALUE><![CDATA[NULL]]></DEFAULT_VALUE>
								<EXTERNAL_VALUE><![CDATA[NULL]]></EXTERNAL_VALUE>
								<IS_EXPRESSION>Y</IS_EXPRESSION><ASSIGN_IN_SETUP>N</ASSIGN_IN_SETUP><ELEMENT_TYPE>ARGUMENT</ELEMENT_TYPE><POSITION>2</POSITION><ARGUMENT_MODE>IN</ARGUMENT_MODE><ARGUMENT_ALIAS>L_SUBSTRING_IN</ARGUMENT_ALIAS><CONTROL_ALIAS></CONTROL_ALIAS>
								<CREATED_ON>2010-01-02T12:36:02</CREATED_ON><CREATED_BY>QCTO19</CREATED_BY><CHANGED_ON>2010-01-02T12:36:02</CHANGED_ON><CHANGED_BY>QCTO19</CHANGED_BY>
								<PARAM_TYPE_MOD></PARAM_TYPE_MOD><PARAM_TYPE_OWNER></PARAM_TYPE_OWNER><PARAM_TYPE_NAME></PARAM_TYPE_NAME><CHARACTER_SET_NAME></CHARACTER_SET_NAME></COLUMNS>
							<ATTRIBUTES>
								<QU_ATTRIBUTES><COLUMNS><PARENT_GUID>{63D6EF1E-E582-48D1-B647-72A5900AF8E9}</PARENT_GUID><USAGE_TYPE>DEFAULT</USAGE_TYPE>
										<INTERNAL_VALUE><![CDATA[]]></INTERNAL_VALUE>
										<EXTERNAL_VALUE><![CDATA[]]></EXTERNAL_VALUE>
										<IS_EXPRESSION>N</IS_EXPRESSION><VALUE1_IS_EXPR>N</VALUE1_IS_EXPR><VALUE2_IS_EXPR>N</VALUE2_IS_EXPR><VALUE3_IS_EXPR>N</VALUE3_IS_EXPR><VALUE4_IS_EXPR>N</VALUE4_IS_EXPR><VALUE5_IS_EXPR>N</VALUE5_IS_EXPR><VALUE6_IS_EXPR>N</VALUE6_IS_EXPR><TEST_ELEMENT_GUID>{63D6EF1E-E582-48D1-B647-72A5900AF8E9}</TEST_ELEMENT_GUID><ASSIGN_IN_SETUP>N</ASSIGN_IN_SETUP><ARGUMENT_ALIAS></ARGUMENT_ALIAS><NO_LOCAL_DECLARATION>N</NO_LOCAL_DECLARATION><OT_ATTRIBUTE_GUID></OT_ATTRIBUTE_GUID>
										<CREATED_ON>2010-01-02T12:36:02</CREATED_ON><CREATED_BY>QCTO19</CREATED_BY><CHANGED_ON>2010-01-02T12:36:02</CHANGED_ON><CHANGED_BY>QCTO19</CHANGED_BY>
										<DATATYPE_DECLARE></DATATYPE_DECLARE>
										<VALUE1><![CDATA[]]></VALUE1>
										<VALUE2><![CDATA[]]></VALUE2>
										<VALUE3><![CDATA[]]></VALUE3>
										<VALUE4><![CDATA[]]></VALUE4>
										<VALUE5><![CDATA[]]></VALUE5>
										<VALUE6><![CDATA[]]></VALUE6></COLUMNS></QU_ATTRIBUTES>
							</ATTRIBUTES>
						</QU_TEST_ELEMENT>
						<QU_TEST_ELEMENT>
							<COLUMNS><UNIVERSAL_ID>{E7EDE620-BC66-4374-84B0-FB487EB83C16}</UNIVERSAL_ID><UNIT_TEST_GUID>{1AAB4969-50CD-45CF-8DE2-D504874D096A}</UNIT_TEST_GUID><NAME><![CDATA[[Function return value]]]></NAME><DATA_TYPE_GUID>{6C603D73-8FAC-4C6E-9676-EAB637DB257A}</DATA_TYPE_GUID><DATA_TYPE_NAME>PLS_INTEGER</DATA_TYPE_NAME>
								<DESCRIPTION><![CDATA[Test element for "[Function return value]"]]></DESCRIPTION>
								<DEFINITION><![CDATA[]]></DEFINITION>
								<DEFAULT_VALUE><![CDATA[NULL]]></DEFAULT_VALUE>
								<EXTERNAL_VALUE><![CDATA[NULL]]></EXTERNAL_VALUE>
								<IS_EXPRESSION>Y</IS_EXPRESSION><ASSIGN_IN_SETUP>N</ASSIGN_IN_SETUP><ELEMENT_TYPE>RETURN</ELEMENT_TYPE><POSITION>0</POSITION><ARGUMENT_MODE>OUT</ARGUMENT_MODE><ARGUMENT_ALIAS>Q##FUNCTION_RETURN_VALUE</ARGUMENT_ALIAS><CONTROL_ALIAS></CONTROL_ALIAS>
								<CREATED_ON>2010-01-02T12:36:02</CREATED_ON><CREATED_BY>QCTO19</CREATED_BY><CHANGED_ON>2010-01-02T12:36:02</CHANGED_ON><CHANGED_BY>QCTO19</CHANGED_BY>
								<PARAM_TYPE_MOD></PARAM_TYPE_MOD><PARAM_TYPE_OWNER></PARAM_TYPE_OWNER><PARAM_TYPE_NAME></PARAM_TYPE_NAME><CHARACTER_SET_NAME></CHARACTER_SET_NAME></COLUMNS>
							<ATTRIBUTES>
								<QU_ATTRIBUTES><COLUMNS><PARENT_GUID>{E7EDE620-BC66-4374-84B0-FB487EB83C16}</PARENT_GUID><USAGE_TYPE>DEFAULT</USAGE_TYPE>
										<INTERNAL_VALUE><![CDATA[]]></INTERNAL_VALUE>
										<EXTERNAL_VALUE><![CDATA[]]></EXTERNAL_VALUE>
										<IS_EXPRESSION>N</IS_EXPRESSION><VALUE1_IS_EXPR>N</VALUE1_IS_EXPR><VALUE2_IS_EXPR>N</VALUE2_IS_EXPR><VALUE3_IS_EXPR>N</VALUE3_IS_EXPR><VALUE4_IS_EXPR>N</VALUE4_IS_EXPR><VALUE5_IS_EXPR>N</VALUE5_IS_EXPR><VALUE6_IS_EXPR>N</VALUE6_IS_EXPR><TEST_ELEMENT_GUID>{E7EDE620-BC66-4374-84B0-FB487EB83C16}</TEST_ELEMENT_GUID><ASSIGN_IN_SETUP>N</ASSIGN_IN_SETUP><ARGUMENT_ALIAS></ARGUMENT_ALIAS><NO_LOCAL_DECLARATION>N</NO_LOCAL_DECLARATION><OT_ATTRIBUTE_GUID></OT_ATTRIBUTE_GUID>
										<CREATED_ON>2010-01-02T12:36:02</CREATED_ON><CREATED_BY>QCTO19</CREATED_BY><CHANGED_ON>2010-01-02T12:36:02</CHANGED_ON><CHANGED_BY>QCTO19</CHANGED_BY>
										<DATATYPE_DECLARE></DATATYPE_DECLARE>
										<VALUE1><![CDATA[]]></VALUE1>
										<VALUE2><![CDATA[]]></VALUE2>
										<VALUE3><![CDATA[]]></VALUE3>
										<VALUE4><![CDATA[]]></VALUE4>
										<VALUE5><![CDATA[]]></VALUE5>
										<VALUE6><![CDATA[]]></VALUE6></COLUMNS></QU_ATTRIBUTES>
							</ATTRIBUTES>
						</QU_TEST_ELEMENT>
					</TEST_ELEMENTS>
					<TEST_CASES>
						<QU_TEST_CASE>
							<COLUMNS><UNIVERSAL_ID>{B9F2DCFD-A83E-438C-9C00-328F207A0C85}</UNIVERSAL_ID>
								<UNIT_TEST_GUID>{1AAB4969-50CD-45CF-8DE2-D504874D096A}</UNIT_TEST_GUID>
								<NAME><![CDATA[Only one in string in the middle]]></NAME>
								<DESCRIPTION><![CDATA[]]></DESCRIPTION>
								<REQUIREMENT><![CDATA[]]></REQUIREMENT>
								<TESTING_STATUS>Y</TESTING_STATUS>
								<PROGRAM_NAME><![CDATA[Q##ONLY_ONE_IN_STRING_IN_THE_M]]></PROGRAM_NAME>
								<EXCEPTION_ON_FAILURE></EXCEPTION_ON_FAILURE>
								<CREATED_ON>2010-01-02T12:37:41</CREATED_ON>
								<CREATED_BY>QCTO19</CREATED_BY>
								<CHANGED_ON>2010-01-02T12:37:41</CHANGED_ON>
								<CHANGED_BY>QCTO19</CHANGED_BY>
								<DECLARATIONS><![CDATA[]]></DECLARATIONS>
								<SETUP_CODE><![CDATA[]]></SETUP_CODE>
								<PRE_EXECUTION_CODE><![CDATA[]]></PRE_EXECUTION_CODE>
								<POST_EXECUTION_CODE><![CDATA[]]></POST_EXECUTION_CODE>
								<ALT_EXECUTION_CODE><![CDATA[]]></ALT_EXECUTION_CODE>
								<ASSERTION_CODE><![CDATA[]]></ASSERTION_CODE>
								<TEARDOWN_CODE><![CDATA[]]></TEARDOWN_CODE>
								<EXCEPTIONS><![CDATA[]]></EXCEPTIONS>
								<PARAMETER_HASH_LIST></PARAMETER_HASH_LIST>
								<GENERATED_ON></GENERATED_ON>
								<IS_SIMPLE>N</IS_SIMPLE>
								<CODE_LOCATION></CODE_LOCATION>
								<DECLARE_PROGRAMS><![CDATA[]]></DECLARE_PROGRAMS>
								<GENERATION_TAG><![CDATA[20100102123741]]></GENERATION_TAG>
								<IS_DYNAMIC>N</IS_DYNAMIC>
								<CORRELATE_VALUES>Y</CORRELATE_VALUES>
								<CONDITIONAL_EXECUTION><![CDATA[]]></CONDITIONAL_EXECUTION>
								<RUN_WHEN_UT_FAILS>Y</RUN_WHEN_UT_FAILS>
								<ROLLBACK_BEFORE>Y</ROLLBACK_BEFORE>
								<ROLLBACK_AFTER>Y</ROLLBACK_AFTER>
								<COMMIT_BEFORE>N</COMMIT_BEFORE>
								<COMMIT_AFTER>N</COMMIT_AFTER>
								<PROFILE_EXECUTION>N</PROFILE_EXECUTION></COLUMNS>
							<INPUTS>
								<QU_INPUT>
									<COLUMNS><UNIVERSAL_ID>{AE9147FA-9D44-46C6-82C3-250F10C9CB4B}</UNIVERSAL_ID><TEST_CASE_GUID>{B9F2DCFD-A83E-438C-9C00-328F207A0C85}</TEST_CASE_GUID><TEST_ELEMENT_GUID>{10AE1C4B-0DCA-4698-BFA2-7A7590B2585E}</TEST_ELEMENT_GUID>
										<INTERNAL_VALUE><![CDATA[abcdabc]]></INTERNAL_VALUE>
										<EXTERNAL_VALUE><![CDATA['abcdabc']]></EXTERNAL_VALUE>
										<IS_EXPRESSION>N</IS_EXPRESSION><ASSIGN_IN_SETUP>N</ASSIGN_IN_SETUP><ARGUMENT_ALIAS>i_STRING_IN</ARGUMENT_ALIAS>
										<CREATED_ON>2010-01-02T12:37:41</CREATED_ON><CREATED_BY>QCTO19</CREATED_BY><CHANGED_ON>2010-01-02T12:37:41</CHANGED_ON><CHANGED_BY>QCTO19</CHANGED_BY>
										<SETUP_CODE><![CDATA[]]></SETUP_CODE>
										<TEARDOWN_CODE><![CDATA[]]></TEARDOWN_CODE>
										<INTVAL_HDR_GUID></INTVAL_HDR_GUID><USE_DEFAULT_VALUE>N</USE_DEFAULT_VALUE><OT_ATTRIBUTE_GUID></OT_ATTRIBUTE_GUID><USER_EXTENSION></USER_EXTENSION></COLUMNS>
									<ATTRIBUTES>
										<QU_ATTRIBUTES><COLUMNS><PARENT_GUID>{AE9147FA-9D44-46C6-82C3-250F10C9CB4B}</PARENT_GUID><USAGE_TYPE>INPUT</USAGE_TYPE>
												<INTERNAL_VALUE><![CDATA[NULL]]></INTERNAL_VALUE>
												<EXTERNAL_VALUE><![CDATA[]]></EXTERNAL_VALUE>
												<IS_EXPRESSION>N</IS_EXPRESSION><VALUE1_IS_EXPR>N</VALUE1_IS_EXPR><VALUE2_IS_EXPR>N</VALUE2_IS_EXPR><VALUE3_IS_EXPR>N</VALUE3_IS_EXPR><VALUE4_IS_EXPR>N</VALUE4_IS_EXPR><VALUE5_IS_EXPR>N</VALUE5_IS_EXPR><VALUE6_IS_EXPR>N</VALUE6_IS_EXPR><TEST_ELEMENT_GUID>{10AE1C4B-0DCA-4698-BFA2-7A7590B2585E}</TEST_ELEMENT_GUID><ASSIGN_IN_SETUP>N</ASSIGN_IN_SETUP><ARGUMENT_ALIAS>V942232273</ARGUMENT_ALIAS><NO_LOCAL_DECLARATION>N</NO_LOCAL_DECLARATION><OT_ATTRIBUTE_GUID></OT_ATTRIBUTE_GUID>
												<CREATED_ON>2010-01-02T12:37:41</CREATED_ON><CREATED_BY>QCTO19</CREATED_BY><CHANGED_ON>2010-01-02T12:37:41</CHANGED_ON><CHANGED_BY>QCTO19</CHANGED_BY>
												<DATATYPE_DECLARE>VARCHAR2(32767)</DATATYPE_DECLARE>
												<VALUE1><![CDATA[]]></VALUE1>
												<VALUE2><![CDATA[]]></VALUE2>
												<VALUE3><![CDATA[]]></VALUE3>
												<VALUE4><![CDATA[]]></VALUE4>
												<VALUE5><![CDATA[]]></VALUE5>
												<VALUE6><![CDATA[]]></VALUE6></COLUMNS></QU_ATTRIBUTES>
									</ATTRIBUTES>
								</QU_INPUT>
								<QU_INPUT>
									<COLUMNS><UNIVERSAL_ID>{8F9D4C0A-7090-4AFE-B77E-0C620CF18A3C}</UNIVERSAL_ID><TEST_CASE_GUID>{B9F2DCFD-A83E-438C-9C00-328F207A0C85}</TEST_CASE_GUID><TEST_ELEMENT_GUID>{63D6EF1E-E582-48D1-B647-72A5900AF8E9}</TEST_ELEMENT_GUID>
										<INTERNAL_VALUE><![CDATA[d]]></INTERNAL_VALUE>
										<EXTERNAL_VALUE><![CDATA['d']]></EXTERNAL_VALUE>
										<IS_EXPRESSION>N</IS_EXPRESSION><ASSIGN_IN_SETUP>N</ASSIGN_IN_SETUP><ARGUMENT_ALIAS>i_SUBSTRING_IN</ARGUMENT_ALIAS>
										<CREATED_ON>2010-01-02T12:37:41</CREATED_ON><CREATED_BY>QCTO19</CREATED_BY><CHANGED_ON>2010-01-02T12:37:41</CHANGED_ON><CHANGED_BY>QCTO19</CHANGED_BY>
										<SETUP_CODE><![CDATA[]]></SETUP_CODE>
										<TEARDOWN_CODE><![CDATA[]]></TEARDOWN_CODE>
										<INTVAL_HDR_GUID></INTVAL_HDR_GUID><USE_DEFAULT_VALUE>N</USE_DEFAULT_VALUE><OT_ATTRIBUTE_GUID></OT_ATTRIBUTE_GUID><USER_EXTENSION></USER_EXTENSION></COLUMNS>
									<ATTRIBUTES>
										<QU_ATTRIBUTES><COLUMNS><PARENT_GUID>{8F9D4C0A-7090-4AFE-B77E-0C620CF18A3C}</PARENT_GUID><USAGE_TYPE>INPUT</USAGE_TYPE>
												<INTERNAL_VALUE><![CDATA[NULL]]></INTERNAL_VALUE>
												<EXTERNAL_VALUE><![CDATA[]]></EXTERNAL_VALUE>
												<IS_EXPRESSION>N</IS_EXPRESSION><VALUE1_IS_EXPR>N</VALUE1_IS_EXPR><VALUE2_IS_EXPR>N</VALUE2_IS_EXPR><VALUE3_IS_EXPR>N</VALUE3_IS_EXPR><VALUE4_IS_EXPR>N</VALUE4_IS_EXPR><VALUE5_IS_EXPR>N</VALUE5_IS_EXPR><VALUE6_IS_EXPR>N</VALUE6_IS_EXPR><TEST_ELEMENT_GUID>{63D6EF1E-E582-48D1-B647-72A5900AF8E9}</TEST_ELEMENT_GUID><ASSIGN_IN_SETUP>N</ASSIGN_IN_SETUP><ARGUMENT_ALIAS>V455267112</ARGUMENT_ALIAS><NO_LOCAL_DECLARATION>N</NO_LOCAL_DECLARATION><OT_ATTRIBUTE_GUID></OT_ATTRIBUTE_GUID>
												<CREATED_ON>2010-01-02T12:37:41</CREATED_ON><CREATED_BY>QCTO19</CREATED_BY><CHANGED_ON>2010-01-02T12:37:41</CHANGED_ON><CHANGED_BY>QCTO19</CHANGED_BY>
												<DATATYPE_DECLARE>VARCHAR2(32767)</DATATYPE_DECLARE>
												<VALUE1><![CDATA[]]></VALUE1>
												<VALUE2><![CDATA[]]></VALUE2>
												<VALUE3><![CDATA[]]></VALUE3>
												<VALUE4><![CDATA[]]></VALUE4>
												<VALUE5><![CDATA[]]></VALUE5>
												<VALUE6><![CDATA[]]></VALUE6></COLUMNS></QU_ATTRIBUTES>
									</ATTRIBUTES>
								</QU_INPUT>
							</INPUTS>
							<OUTCOMES>
								<QU_OUTCOME>
									<COLUMNS><UNIVERSAL_ID>{0A8D6D97-71F9-4516-86CB-F31C58453A27}</UNIVERSAL_ID><TEST_CASE_GUID>{B9F2DCFD-A83E-438C-9C00-328F207A0C85}</TEST_CASE_GUID><ASSERTION_TYPE_GUID>{43E3B49A-0877-4F51-9526-DCBF345F1563}</ASSERTION_TYPE_GUID><NULL_OK>Y</NULL_OK><RAISE_EXCEPTION>N</RAISE_EXCEPTION><CUSTOM_ASSERT_ONLY>N</CUSTOM_ASSERT_ONLY><NAME><![CDATA[Scalar is equal to the expected value?]]></NAME><TESTING_STATUS>Y</TESTING_STATUS>
										<CREATED_ON>2010-01-02T12:37:41</CREATED_ON><CREATED_BY>QCTO19</CREATED_BY><CHANGED_ON>2010-01-02T12:37:41</CHANGED_ON><CHANGED_BY>QCTO19</CHANGED_BY>
										<TEMPLATE_GUID>{25499982-A764-42F8-9A6F-C3E416CD3655}</TEMPLATE_GUID><DESCRIPTION><![CDATA[]]></DESCRIPTION>
										<ASSERTION_CODE><![CDATA[]]></ASSERTION_CODE>
										<CODE_LOCATION></CODE_LOCATION><DECLARE_PROGRAMS><![CDATA[]]></DECLARE_PROGRAMS>
										<SETUP_CODE><![CDATA[]]></SETUP_CODE>
										<TEARDOWN_CODE><![CDATA[]]></TEARDOWN_CODE><COLUMN_SET_GUID></COLUMN_SET_GUID><INTVAL_HDR_GUID></INTVAL_HDR_GUID><USER_EXTENSION></USER_EXTENSION></COLUMNS>
									<ATTRIBUTES>
										<QU_ATTRIBUTES><COLUMNS><PARENT_GUID>{0A8D6D97-71F9-4516-86CB-F31C58453A27}</PARENT_GUID><USAGE_TYPE>CONTROL</USAGE_TYPE>
												<INTERNAL_VALUE><![CDATA[1]]></INTERNAL_VALUE>
												<EXTERNAL_VALUE><![CDATA[1]]></EXTERNAL_VALUE>
												<IS_EXPRESSION>N</IS_EXPRESSION><VALUE1_IS_EXPR>N</VALUE1_IS_EXPR><VALUE2_IS_EXPR>N</VALUE2_IS_EXPR><VALUE3_IS_EXPR>N</VALUE3_IS_EXPR><VALUE4_IS_EXPR>N</VALUE4_IS_EXPR><VALUE5_IS_EXPR>N</VALUE5_IS_EXPR><VALUE6_IS_EXPR>N</VALUE6_IS_EXPR><TEST_ELEMENT_GUID>{E7EDE620-BC66-4374-84B0-FB487EB83C16}</TEST_ELEMENT_GUID><ASSIGN_IN_SETUP>N</ASSIGN_IN_SETUP><ARGUMENT_ALIAS>e_Function_return_value1</ARGUMENT_ALIAS><NO_LOCAL_DECLARATION>N</NO_LOCAL_DECLARATION><OT_ATTRIBUTE_GUID></OT_ATTRIBUTE_GUID>
												<CREATED_ON>2010-01-02T12:37:41</CREATED_ON><CREATED_BY>QCTO19</CREATED_BY><CHANGED_ON>2010-01-02T12:37:41</CHANGED_ON><CHANGED_BY>QCTO19</CHANGED_BY>
												<DATATYPE_DECLARE>PLS_INTEGER</DATATYPE_DECLARE>
												<VALUE1><![CDATA[]]></VALUE1>
												<VALUE2><![CDATA[]]></VALUE2>
												<VALUE3><![CDATA[]]></VALUE3>
												<VALUE4><![CDATA[]]></VALUE4>
												<VALUE5><![CDATA[]]></VALUE5>
												<VALUE6><![CDATA[]]></VALUE6></COLUMNS></QU_ATTRIBUTES>
										<QU_ATTRIBUTES><COLUMNS><PARENT_GUID>{0A8D6D97-71F9-4516-86CB-F31C58453A27}</PARENT_GUID><USAGE_TYPE>RESULT</USAGE_TYPE>
												<INTERNAL_VALUE><![CDATA[NULL]]></INTERNAL_VALUE>
												<EXTERNAL_VALUE><![CDATA[NULL]]></EXTERNAL_VALUE>
												<IS_EXPRESSION>N</IS_EXPRESSION><VALUE1_IS_EXPR>N</VALUE1_IS_EXPR><VALUE2_IS_EXPR>N</VALUE2_IS_EXPR><VALUE3_IS_EXPR>N</VALUE3_IS_EXPR><VALUE4_IS_EXPR>N</VALUE4_IS_EXPR><VALUE5_IS_EXPR>N</VALUE5_IS_EXPR><VALUE6_IS_EXPR>N</VALUE6_IS_EXPR><TEST_ELEMENT_GUID>{E7EDE620-BC66-4374-84B0-FB487EB83C16}</TEST_ELEMENT_GUID><ASSIGN_IN_SETUP>N</ASSIGN_IN_SETUP><ARGUMENT_ALIAS>Q##function_return_value</ARGUMENT_ALIAS><NO_LOCAL_DECLARATION>N</NO_LOCAL_DECLARATION><OT_ATTRIBUTE_GUID></OT_ATTRIBUTE_GUID>
												<CREATED_ON>2010-01-02T12:37:41</CREATED_ON><CREATED_BY>QCTO19</CREATED_BY><CHANGED_ON>2010-01-02T12:37:41</CHANGED_ON><CHANGED_BY>QCTO19</CHANGED_BY>
												<DATATYPE_DECLARE>PLS_INTEGER</DATATYPE_DECLARE>
												<VALUE1><![CDATA[]]></VALUE1>
												<VALUE2><![CDATA[]]></VALUE2>
												<VALUE3><![CDATA[]]></VALUE3>
												<VALUE4><![CDATA[]]></VALUE4>
												<VALUE5><![CDATA[]]></VALUE5>
												<VALUE6><![CDATA[]]></VALUE6></COLUMNS></QU_ATTRIBUTES>
									</ATTRIBUTES>
								</QU_OUTCOME>
							</OUTCOMES>
							<CODE_COVERAGE>
							</CODE_COVERAGE>
						</QU_TEST_CASE>
						<QU_TEST_CASE>
							<COLUMNS><UNIVERSAL_ID>{A497DE09-A134-471B-8051-39732C3D72C8}</UNIVERSAL_ID>
								<UNIT_TEST_GUID>{1AAB4969-50CD-45CF-8DE2-D504874D096A}</UNIT_TEST_GUID>
								<NAME><![CDATA[Only one in string at the start]]></NAME>
								<DESCRIPTION><![CDATA[]]></DESCRIPTION>
								<REQUIREMENT><![CDATA[]]></REQUIREMENT>
								<TESTING_STATUS>Y</TESTING_STATUS>
								<PROGRAM_NAME><![CDATA[Q##ONLY_ONE_IN_STRING_AT_THE_S]]></PROGRAM_NAME>
								<EXCEPTION_ON_FAILURE></EXCEPTION_ON_FAILURE>
								<CREATED_ON>2010-01-02T12:37:41</CREATED_ON>
								<CREATED_BY>QCTO19</CREATED_BY>
								<CHANGED_ON>2010-01-02T12:37:41</CHANGED_ON>
								<CHANGED_BY>QCTO19</CHANGED_BY>
								<DECLARATIONS><![CDATA[]]></DECLARATIONS>
								<SETUP_CODE><![CDATA[]]></SETUP_CODE>
								<PRE_EXECUTION_CODE><![CDATA[]]></PRE_EXECUTION_CODE>
								<POST_EXECUTION_CODE><![CDATA[]]></POST_EXECUTION_CODE>
								<ALT_EXECUTION_CODE><![CDATA[]]></ALT_EXECUTION_CODE>
								<ASSERTION_CODE><![CDATA[]]></ASSERTION_CODE>
								<TEARDOWN_CODE><![CDATA[]]></TEARDOWN_CODE>
								<EXCEPTIONS><![CDATA[]]></EXCEPTIONS>
								<PARAMETER_HASH_LIST></PARAMETER_HASH_LIST>
								<GENERATED_ON></GENERATED_ON>
								<IS_SIMPLE>N</IS_SIMPLE>
								<CODE_LOCATION></CODE_LOCATION>
								<DECLARE_PROGRAMS><![CDATA[]]></DECLARE_PROGRAMS>
								<GENERATION_TAG><![CDATA[20100102123741]]></GENERATION_TAG>
								<IS_DYNAMIC>N</IS_DYNAMIC>
								<CORRELATE_VALUES>Y</CORRELATE_VALUES>
								<CONDITIONAL_EXECUTION><![CDATA[]]></CONDITIONAL_EXECUTION>
								<RUN_WHEN_UT_FAILS>Y</RUN_WHEN_UT_FAILS>
								<ROLLBACK_BEFORE>Y</ROLLBACK_BEFORE>
								<ROLLBACK_AFTER>Y</ROLLBACK_AFTER>
								<COMMIT_BEFORE>N</COMMIT_BEFORE>
								<COMMIT_AFTER>N</COMMIT_AFTER>
								<PROFILE_EXECUTION>N</PROFILE_EXECUTION></COLUMNS>
							<INPUTS>
								<QU_INPUT>
									<COLUMNS><UNIVERSAL_ID>{A08FD741-9B35-40E6-A1EE-8D817239A622}</UNIVERSAL_ID><TEST_CASE_GUID>{A497DE09-A134-471B-8051-39732C3D72C8}</TEST_CASE_GUID><TEST_ELEMENT_GUID>{10AE1C4B-0DCA-4698-BFA2-7A7590B2585E}</TEST_ELEMENT_GUID>
										<INTERNAL_VALUE><![CDATA[dabcabc]]></INTERNAL_VALUE>
										<EXTERNAL_VALUE><![CDATA['dabcabc']]></EXTERNAL_VALUE>
										<IS_EXPRESSION>N</IS_EXPRESSION><ASSIGN_IN_SETUP>N</ASSIGN_IN_SETUP><ARGUMENT_ALIAS>i_STRING_IN</ARGUMENT_ALIAS>
										<CREATED_ON>2010-01-02T12:37:41</CREATED_ON><CREATED_BY>QCTO19</CREATED_BY><CHANGED_ON>2010-01-02T12:41:06</CHANGED_ON><CHANGED_BY>QCTO19</CHANGED_BY>
										<SETUP_CODE><![CDATA[]]></SETUP_CODE>
										<TEARDOWN_CODE><![CDATA[]]></TEARDOWN_CODE>
										<INTVAL_HDR_GUID></INTVAL_HDR_GUID><USE_DEFAULT_VALUE>N</USE_DEFAULT_VALUE><OT_ATTRIBUTE_GUID></OT_ATTRIBUTE_GUID><USER_EXTENSION></USER_EXTENSION></COLUMNS>
									<ATTRIBUTES>
										<QU_ATTRIBUTES><COLUMNS><PARENT_GUID>{A08FD741-9B35-40E6-A1EE-8D817239A622}</PARENT_GUID><USAGE_TYPE>INPUT</USAGE_TYPE>
												<INTERNAL_VALUE><![CDATA[NULL]]></INTERNAL_VALUE>
												<EXTERNAL_VALUE><![CDATA[]]></EXTERNAL_VALUE>
												<IS_EXPRESSION>N</IS_EXPRESSION><VALUE1_IS_EXPR>N</VALUE1_IS_EXPR><VALUE2_IS_EXPR>N</VALUE2_IS_EXPR><VALUE3_IS_EXPR>N</VALUE3_IS_EXPR><VALUE4_IS_EXPR>N</VALUE4_IS_EXPR><VALUE5_IS_EXPR>N</VALUE5_IS_EXPR><VALUE6_IS_EXPR>N</VALUE6_IS_EXPR><TEST_ELEMENT_GUID>{10AE1C4B-0DCA-4698-BFA2-7A7590B2585E}</TEST_ELEMENT_GUID><ASSIGN_IN_SETUP>N</ASSIGN_IN_SETUP><ARGUMENT_ALIAS>V1493730439</ARGUMENT_ALIAS><NO_LOCAL_DECLARATION>N</NO_LOCAL_DECLARATION><OT_ATTRIBUTE_GUID></OT_ATTRIBUTE_GUID>
												<CREATED_ON>2010-01-02T12:37:41</CREATED_ON><CREATED_BY>QCTO19</CREATED_BY><CHANGED_ON>2010-01-02T12:41:06</CHANGED_ON><CHANGED_BY>QCTO19</CHANGED_BY>
												<DATATYPE_DECLARE>VARCHAR2(32767)</DATATYPE_DECLARE>
												<VALUE1><![CDATA[]]></VALUE1>
												<VALUE2><![CDATA[]]></VALUE2>
												<VALUE3><![CDATA[]]></VALUE3>
												<VALUE4><![CDATA[]]></VALUE4>
												<VALUE5><![CDATA[]]></VALUE5>
												<VALUE6><![CDATA[]]></VALUE6></COLUMNS></QU_ATTRIBUTES>
									</ATTRIBUTES>
								</QU_INPUT>
								<QU_INPUT>
									<COLUMNS><UNIVERSAL_ID>{2B57FB1C-30E7-4C81-B9AD-B6D1A73AE007}</UNIVERSAL_ID><TEST_CASE_GUID>{A497DE09-A134-471B-8051-39732C3D72C8}</TEST_CASE_GUID><TEST_ELEMENT_GUID>{63D6EF1E-E582-48D1-B647-72A5900AF8E9}</TEST_ELEMENT_GUID>
										<INTERNAL_VALUE><![CDATA[d]]></INTERNAL_VALUE>
										<EXTERNAL_VALUE><![CDATA['d']]></EXTERNAL_VALUE>
										<IS_EXPRESSION>N</IS_EXPRESSION><ASSIGN_IN_SETUP>N</ASSIGN_IN_SETUP><ARGUMENT_ALIAS>i_SUBSTRING_IN</ARGUMENT_ALIAS>
										<CREATED_ON>2010-01-02T12:37:41</CREATED_ON><CREATED_BY>QCTO19</CREATED_BY><CHANGED_ON>2010-01-02T12:37:41</CHANGED_ON><CHANGED_BY>QCTO19</CHANGED_BY>
										<SETUP_CODE><![CDATA[]]></SETUP_CODE>
										<TEARDOWN_CODE><![CDATA[]]></TEARDOWN_CODE>
										<INTVAL_HDR_GUID></INTVAL_HDR_GUID><USE_DEFAULT_VALUE>N</USE_DEFAULT_VALUE><OT_ATTRIBUTE_GUID></OT_ATTRIBUTE_GUID><USER_EXTENSION></USER_EXTENSION></COLUMNS>
									<ATTRIBUTES>
										<QU_ATTRIBUTES><COLUMNS><PARENT_GUID>{2B57FB1C-30E7-4C81-B9AD-B6D1A73AE007}</PARENT_GUID><USAGE_TYPE>INPUT</USAGE_TYPE>
												<INTERNAL_VALUE><![CDATA[NULL]]></INTERNAL_VALUE>
												<EXTERNAL_VALUE><![CDATA[]]></EXTERNAL_VALUE>
												<IS_EXPRESSION>N</IS_EXPRESSION><VALUE1_IS_EXPR>N</VALUE1_IS_EXPR><VALUE2_IS_EXPR>N</VALUE2_IS_EXPR><VALUE3_IS_EXPR>N</VALUE3_IS_EXPR><VALUE4_IS_EXPR>N</VALUE4_IS_EXPR><VALUE5_IS_EXPR>N</VALUE5_IS_EXPR><VALUE6_IS_EXPR>N</VALUE6_IS_EXPR><TEST_ELEMENT_GUID>{63D6EF1E-E582-48D1-B647-72A5900AF8E9}</TEST_ELEMENT_GUID><ASSIGN_IN_SETUP>N</ASSIGN_IN_SETUP><ARGUMENT_ALIAS>V338503216</ARGUMENT_ALIAS><NO_LOCAL_DECLARATION>N</NO_LOCAL_DECLARATION><OT_ATTRIBUTE_GUID></OT_ATTRIBUTE_GUID>
												<CREATED_ON>2010-01-02T12:37:41</CREATED_ON><CREATED_BY>QCTO19</CREATED_BY><CHANGED_ON>2010-01-02T12:37:41</CHANGED_ON><CHANGED_BY>QCTO19</CHANGED_BY>
												<DATATYPE_DECLARE>VARCHAR2(32767)</DATATYPE_DECLARE>
												<VALUE1><![CDATA[]]></VALUE1>
												<VALUE2><![CDATA[]]></VALUE2>
												<VALUE3><![CDATA[]]></VALUE3>
												<VALUE4><![CDATA[]]></VALUE4>
												<VALUE5><![CDATA[]]></VALUE5>
												<VALUE6><![CDATA[]]></VALUE6></COLUMNS></QU_ATTRIBUTES>
									</ATTRIBUTES>
								</QU_INPUT>
							</INPUTS>
							<OUTCOMES>
								<QU_OUTCOME>
									<COLUMNS><UNIVERSAL_ID>{3427F65B-5EAE-4BDF-9269-D3AA535EDE98}</UNIVERSAL_ID><TEST_CASE_GUID>{A497DE09-A134-471B-8051-39732C3D72C8}</TEST_CASE_GUID><ASSERTION_TYPE_GUID>{43E3B49A-0877-4F51-9526-DCBF345F1563}</ASSERTION_TYPE_GUID><NULL_OK>Y</NULL_OK><RAISE_EXCEPTION>N</RAISE_EXCEPTION><CUSTOM_ASSERT_ONLY>N</CUSTOM_ASSERT_ONLY><NAME><![CDATA[Scalar is equal to the expected value?]]></NAME><TESTING_STATUS>Y</TESTING_STATUS>
										<CREATED_ON>2010-01-02T12:37:41</CREATED_ON><CREATED_BY>QCTO19</CREATED_BY><CHANGED_ON>2010-01-02T12:37:41</CHANGED_ON><CHANGED_BY>QCTO19</CHANGED_BY>
										<TEMPLATE_GUID>{25499982-A764-42F8-9A6F-C3E416CD3655}</TEMPLATE_GUID><DESCRIPTION><![CDATA[]]></DESCRIPTION>
										<ASSERTION_CODE><![CDATA[]]></ASSERTION_CODE>
										<CODE_LOCATION></CODE_LOCATION><DECLARE_PROGRAMS><![CDATA[]]></DECLARE_PROGRAMS>
										<SETUP_CODE><![CDATA[]]></SETUP_CODE>
										<TEARDOWN_CODE><![CDATA[]]></TEARDOWN_CODE><COLUMN_SET_GUID></COLUMN_SET_GUID><INTVAL_HDR_GUID></INTVAL_HDR_GUID><USER_EXTENSION></USER_EXTENSION></COLUMNS>
									<ATTRIBUTES>
										<QU_ATTRIBUTES><COLUMNS><PARENT_GUID>{3427F65B-5EAE-4BDF-9269-D3AA535EDE98}</PARENT_GUID><USAGE_TYPE>CONTROL</USAGE_TYPE>
												<INTERNAL_VALUE><![CDATA[1]]></INTERNAL_VALUE>
												<EXTERNAL_VALUE><![CDATA[1]]></EXTERNAL_VALUE>
												<IS_EXPRESSION>N</IS_EXPRESSION><VALUE1_IS_EXPR>N</VALUE1_IS_EXPR><VALUE2_IS_EXPR>N</VALUE2_IS_EXPR><VALUE3_IS_EXPR>N</VALUE3_IS_EXPR><VALUE4_IS_EXPR>N</VALUE4_IS_EXPR><VALUE5_IS_EXPR>N</VALUE5_IS_EXPR><VALUE6_IS_EXPR>N</VALUE6_IS_EXPR><TEST_ELEMENT_GUID>{E7EDE620-BC66-4374-84B0-FB487EB83C16}</TEST_ELEMENT_GUID><ASSIGN_IN_SETUP>N</ASSIGN_IN_SETUP><ARGUMENT_ALIAS>e_Function_return_value1</ARGUMENT_ALIAS><NO_LOCAL_DECLARATION>N</NO_LOCAL_DECLARATION><OT_ATTRIBUTE_GUID></OT_ATTRIBUTE_GUID>
												<CREATED_ON>2010-01-02T12:37:41</CREATED_ON><CREATED_BY>QCTO19</CREATED_BY><CHANGED_ON>2010-01-02T12:37:41</CHANGED_ON><CHANGED_BY>QCTO19</CHANGED_BY>
												<DATATYPE_DECLARE>PLS_INTEGER</DATATYPE_DECLARE>
												<VALUE1><![CDATA[]]></VALUE1>
												<VALUE2><![CDATA[]]></VALUE2>
												<VALUE3><![CDATA[]]></VALUE3>
												<VALUE4><![CDATA[]]></VALUE4>
												<VALUE5><![CDATA[]]></VALUE5>
												<VALUE6><![CDATA[]]></VALUE6></COLUMNS></QU_ATTRIBUTES>
										<QU_ATTRIBUTES><COLUMNS><PARENT_GUID>{3427F65B-5EAE-4BDF-9269-D3AA535EDE98}</PARENT_GUID><USAGE_TYPE>RESULT</USAGE_TYPE>
												<INTERNAL_VALUE><![CDATA[NULL]]></INTERNAL_VALUE>
												<EXTERNAL_VALUE><![CDATA[NULL]]></EXTERNAL_VALUE>
												<IS_EXPRESSION>N</IS_EXPRESSION><VALUE1_IS_EXPR>N</VALUE1_IS_EXPR><VALUE2_IS_EXPR>N</VALUE2_IS_EXPR><VALUE3_IS_EXPR>N</VALUE3_IS_EXPR><VALUE4_IS_EXPR>N</VALUE4_IS_EXPR><VALUE5_IS_EXPR>N</VALUE5_IS_EXPR><VALUE6_IS_EXPR>N</VALUE6_IS_EXPR><TEST_ELEMENT_GUID>{E7EDE620-BC66-4374-84B0-FB487EB83C16}</TEST_ELEMENT_GUID><ASSIGN_IN_SETUP>N</ASSIGN_IN_SETUP><ARGUMENT_ALIAS>Q##function_return_value</ARGUMENT_ALIAS><NO_LOCAL_DECLARATION>N</NO_LOCAL_DECLARATION><OT_ATTRIBUTE_GUID></OT_ATTRIBUTE_GUID>
												<CREATED_ON>2010-01-02T12:37:41</CREATED_ON><CREATED_BY>QCTO19</CREATED_BY><CHANGED_ON>2010-01-02T12:37:41</CHANGED_ON><CHANGED_BY>QCTO19</CHANGED_BY>
												<DATATYPE_DECLARE>PLS_INTEGER</DATATYPE_DECLARE>
												<VALUE1><![CDATA[]]></VALUE1>
												<VALUE2><![CDATA[]]></VALUE2>
												<VALUE3><![CDATA[]]></VALUE3>
												<VALUE4><![CDATA[]]></VALUE4>
												<VALUE5><![CDATA[]]></VALUE5>
												<VALUE6><![CDATA[]]></VALUE6></COLUMNS></QU_ATTRIBUTES>
									</ATTRIBUTES>
								</QU_OUTCOME>
							</OUTCOMES>
							<CODE_COVERAGE>
							</CODE_COVERAGE>
						</QU_TEST_CASE>
						<QU_TEST_CASE>
							<COLUMNS><UNIVERSAL_ID>{00034C47-FF6E-42E2-8137-E9A9DA55AB19}</UNIVERSAL_ID>
								<UNIT_TEST_GUID>{1AAB4969-50CD-45CF-8DE2-D504874D096A}</UNIT_TEST_GUID>
								<NAME><![CDATA[Only one in string at the end]]></NAME>
								<DESCRIPTION><![CDATA[]]></DESCRIPTION>
								<REQUIREMENT><![CDATA[]]></REQUIREMENT>
								<TESTING_STATUS>Y</TESTING_STATUS>
								<PROGRAM_NAME><![CDATA[Q##ONLY_ONE_IN_STRING_AT_THE_E]]></PROGRAM_NAME>
								<EXCEPTION_ON_FAILURE></EXCEPTION_ON_FAILURE>
								<CREATED_ON>2010-01-02T12:37:41</CREATED_ON>
								<CREATED_BY>QCTO19</CREATED_BY>
								<CHANGED_ON>2010-01-02T12:37:41</CHANGED_ON>
								<CHANGED_BY>QCTO19</CHANGED_BY>
								<DECLARATIONS><![CDATA[]]></DECLARATIONS>
								<SETUP_CODE><![CDATA[]]></SETUP_CODE>
								<PRE_EXECUTION_CODE><![CDATA[]]></PRE_EXECUTION_CODE>
								<POST_EXECUTION_CODE><![CDATA[]]></POST_EXECUTION_CODE>
								<ALT_EXECUTION_CODE><![CDATA[]]></ALT_EXECUTION_CODE>
								<ASSERTION_CODE><![CDATA[]]></ASSERTION_CODE>
								<TEARDOWN_CODE><![CDATA[]]></TEARDOWN_CODE>
								<EXCEPTIONS><![CDATA[]]></EXCEPTIONS>
								<PARAMETER_HASH_LIST></PARAMETER_HASH_LIST>
								<GENERATED_ON></GENERATED_ON>
								<IS_SIMPLE>N</IS_SIMPLE>
								<CODE_LOCATION></CODE_LOCATION>
								<DECLARE_PROGRAMS><![CDATA[]]></DECLARE_PROGRAMS>
								<GENERATION_TAG><![CDATA[20100102123741]]></GENERATION_TAG>
								<IS_DYNAMIC>N</IS_DYNAMIC>
								<CORRELATE_VALUES>Y</CORRELATE_VALUES>
								<CONDITIONAL_EXECUTION><![CDATA[]]></CONDITIONAL_EXECUTION>
								<RUN_WHEN_UT_FAILS>Y</RUN_WHEN_UT_FAILS>
								<ROLLBACK_BEFORE>Y</ROLLBACK_BEFORE>
								<ROLLBACK_AFTER>Y</ROLLBACK_AFTER>
								<COMMIT_BEFORE>N</COMMIT_BEFORE>
								<COMMIT_AFTER>N</COMMIT_AFTER>
								<PROFILE_EXECUTION>N</PROFILE_EXECUTION></COLUMNS>
							<INPUTS>
								<QU_INPUT>
									<COLUMNS><UNIVERSAL_ID>{36E7FB58-C82F-43E7-AD5B-F82B156F29B4}</UNIVERSAL_ID><TEST_CASE_GUID>{00034C47-FF6E-42E2-8137-E9A9DA55AB19}</TEST_CASE_GUID><TEST_ELEMENT_GUID>{10AE1C4B-0DCA-4698-BFA2-7A7590B2585E}</TEST_ELEMENT_GUID>
										<INTERNAL_VALUE><![CDATA[abcabcd]]></INTERNAL_VALUE>
										<EXTERNAL_VALUE><![CDATA['abcabcd']]></EXTERNAL_VALUE>
										<IS_EXPRESSION>N</IS_EXPRESSION><ASSIGN_IN_SETUP>N</ASSIGN_IN_SETUP><ARGUMENT_ALIAS>i_STRING_IN</ARGUMENT_ALIAS>
										<CREATED_ON>2010-01-02T12:37:41</CREATED_ON><CREATED_BY>QCTO19</CREATED_BY><CHANGED_ON>2010-01-02T12:41:06</CHANGED_ON><CHANGED_BY>QCTO19</CHANGED_BY>
										<SETUP_CODE><![CDATA[]]></SETUP_CODE>
										<TEARDOWN_CODE><![CDATA[]]></TEARDOWN_CODE>
										<INTVAL_HDR_GUID></INTVAL_HDR_GUID><USE_DEFAULT_VALUE>N</USE_DEFAULT_VALUE><OT_ATTRIBUTE_GUID></OT_ATTRIBUTE_GUID><USER_EXTENSION></USER_EXTENSION></COLUMNS>
									<ATTRIBUTES>
										<QU_ATTRIBUTES><COLUMNS><PARENT_GUID>{36E7FB58-C82F-43E7-AD5B-F82B156F29B4}</PARENT_GUID><USAGE_TYPE>INPUT</USAGE_TYPE>
												<INTERNAL_VALUE><![CDATA[NULL]]></INTERNAL_VALUE>
												<EXTERNAL_VALUE><![CDATA[]]></EXTERNAL_VALUE>
												<IS_EXPRESSION>N</IS_EXPRESSION><VALUE1_IS_EXPR>N</VALUE1_IS_EXPR><VALUE2_IS_EXPR>N</VALUE2_IS_EXPR><VALUE3_IS_EXPR>N</VALUE3_IS_EXPR><VALUE4_IS_EXPR>N</VALUE4_IS_EXPR><VALUE5_IS_EXPR>N</VALUE5_IS_EXPR><VALUE6_IS_EXPR>N</VALUE6_IS_EXPR><TEST_ELEMENT_GUID>{10AE1C4B-0DCA-4698-BFA2-7A7590B2585E}</TEST_ELEMENT_GUID><ASSIGN_IN_SETUP>N</ASSIGN_IN_SETUP><ARGUMENT_ALIAS>V1731333814</ARGUMENT_ALIAS><NO_LOCAL_DECLARATION>N</NO_LOCAL_DECLARATION><OT_ATTRIBUTE_GUID></OT_ATTRIBUTE_GUID>
												<CREATED_ON>2010-01-02T12:37:41</CREATED_ON><CREATED_BY>QCTO19</CREATED_BY><CHANGED_ON>2010-01-02T12:41:06</CHANGED_ON><CHANGED_BY>QCTO19</CHANGED_BY>
												<DATATYPE_DECLARE>VARCHAR2(32767)</DATATYPE_DECLARE>
												<VALUE1><![CDATA[]]></VALUE1>
												<VALUE2><![CDATA[]]></VALUE2>
												<VALUE3><![CDATA[]]></VALUE3>
												<VALUE4><![CDATA[]]></VALUE4>
												<VALUE5><![CDATA[]]></VALUE5>
												<VALUE6><![CDATA[]]></VALUE6></COLUMNS></QU_ATTRIBUTES>
									</ATTRIBUTES>
								</QU_INPUT>
								<QU_INPUT>
									<COLUMNS><UNIVERSAL_ID>{2B7923B2-16CB-4E34-BD9F-E8BE2D9A3945}</UNIVERSAL_ID><TEST_CASE_GUID>{00034C47-FF6E-42E2-8137-E9A9DA55AB19}</TEST_CASE_GUID><TEST_ELEMENT_GUID>{63D6EF1E-E582-48D1-B647-72A5900AF8E9}</TEST_ELEMENT_GUID>
										<INTERNAL_VALUE><![CDATA[d]]></INTERNAL_VALUE>
										<EXTERNAL_VALUE><![CDATA['d']]></EXTERNAL_VALUE>
										<IS_EXPRESSION>N</IS_EXPRESSION><ASSIGN_IN_SETUP>N</ASSIGN_IN_SETUP><ARGUMENT_ALIAS>i_SUBSTRING_IN</ARGUMENT_ALIAS>
										<CREATED_ON>2010-01-02T12:37:41</CREATED_ON><CREATED_BY>QCTO19</CREATED_BY><CHANGED_ON>2010-01-02T12:37:41</CHANGED_ON><CHANGED_BY>QCTO19</CHANGED_BY>
										<SETUP_CODE><![CDATA[]]></SETUP_CODE>
										<TEARDOWN_CODE><![CDATA[]]></TEARDOWN_CODE>
										<INTVAL_HDR_GUID></INTVAL_HDR_GUID><USE_DEFAULT_VALUE>N</USE_DEFAULT_VALUE><OT_ATTRIBUTE_GUID></OT_ATTRIBUTE_GUID><USER_EXTENSION></USER_EXTENSION></COLUMNS>
									<ATTRIBUTES>
										<QU_ATTRIBUTES><COLUMNS><PARENT_GUID>{2B7923B2-16CB-4E34-BD9F-E8BE2D9A3945}</PARENT_GUID><USAGE_TYPE>INPUT</USAGE_TYPE>
												<INTERNAL_VALUE><![CDATA[NULL]]></INTERNAL_VALUE>
												<EXTERNAL_VALUE><![CDATA[]]></EXTERNAL_VALUE>
												<IS_EXPRESSION>N</IS_EXPRESSION><VALUE1_IS_EXPR>N</VALUE1_IS_EXPR><VALUE2_IS_EXPR>N</VALUE2_IS_EXPR><VALUE3_IS_EXPR>N</VALUE3_IS_EXPR><VALUE4_IS_EXPR>N</VALUE4_IS_EXPR><VALUE5_IS_EXPR>N</VALUE5_IS_EXPR><VALUE6_IS_EXPR>N</VALUE6_IS_EXPR><TEST_ELEMENT_GUID>{63D6EF1E-E582-48D1-B647-72A5900AF8E9}</TEST_ELEMENT_GUID><ASSIGN_IN_SETUP>N</ASSIGN_IN_SETUP><ARGUMENT_ALIAS>V1054349034</ARGUMENT_ALIAS><NO_LOCAL_DECLARATION>N</NO_LOCAL_DECLARATION><OT_ATTRIBUTE_GUID></OT_ATTRIBUTE_GUID>
												<CREATED_ON>2010-01-02T12:37:41</CREATED_ON><CREATED_BY>QCTO19</CREATED_BY><CHANGED_ON>2010-01-02T12:37:41</CHANGED_ON><CHANGED_BY>QCTO19</CHANGED_BY>
												<DATATYPE_DECLARE>VARCHAR2(32767)</DATATYPE_DECLARE>
												<VALUE1><![CDATA[]]></VALUE1>
												<VALUE2><![CDATA[]]></VALUE2>
												<VALUE3><![CDATA[]]></VALUE3>
												<VALUE4><![CDATA[]]></VALUE4>
												<VALUE5><![CDATA[]]></VALUE5>
												<VALUE6><![CDATA[]]></VALUE6></COLUMNS></QU_ATTRIBUTES>
									</ATTRIBUTES>
								</QU_INPUT>
							</INPUTS>
							<OUTCOMES>
								<QU_OUTCOME>
									<COLUMNS><UNIVERSAL_ID>{A2605ABF-61A1-4D3C-B47E-16ACB5010B38}</UNIVERSAL_ID><TEST_CASE_GUID>{00034C47-FF6E-42E2-8137-E9A9DA55AB19}</TEST_CASE_GUID><ASSERTION_TYPE_GUID>{43E3B49A-0877-4F51-9526-DCBF345F1563}</ASSERTION_TYPE_GUID><NULL_OK>Y</NULL_OK><RAISE_EXCEPTION>N</RAISE_EXCEPTION><CUSTOM_ASSERT_ONLY>N</CUSTOM_ASSERT_ONLY><NAME><![CDATA[Scalar is equal to the expected value?]]></NAME><TESTING_STATUS>Y</TESTING_STATUS>
										<CREATED_ON>2010-01-02T12:37:41</CREATED_ON><CREATED_BY>QCTO19</CREATED_BY><CHANGED_ON>2010-01-02T12:37:41</CHANGED_ON><CHANGED_BY>QCTO19</CHANGED_BY>
										<TEMPLATE_GUID>{25499982-A764-42F8-9A6F-C3E416CD3655}</TEMPLATE_GUID><DESCRIPTION><![CDATA[]]></DESCRIPTION>
										<ASSERTION_CODE><![CDATA[]]></ASSERTION_CODE>
										<CODE_LOCATION></CODE_LOCATION><DECLARE_PROGRAMS><![CDATA[]]></DECLARE_PROGRAMS>
										<SETUP_CODE><![CDATA[]]></SETUP_CODE>
										<TEARDOWN_CODE><![CDATA[]]></TEARDOWN_CODE><COLUMN_SET_GUID></COLUMN_SET_GUID><INTVAL_HDR_GUID></INTVAL_HDR_GUID><USER_EXTENSION></USER_EXTENSION></COLUMNS>
									<ATTRIBUTES>
										<QU_ATTRIBUTES><COLUMNS><PARENT_GUID>{A2605ABF-61A1-4D3C-B47E-16ACB5010B38}</PARENT_GUID><USAGE_TYPE>CONTROL</USAGE_TYPE>
												<INTERNAL_VALUE><![CDATA[1]]></INTERNAL_VALUE>
												<EXTERNAL_VALUE><![CDATA[1]]></EXTERNAL_VALUE>
												<IS_EXPRESSION>N</IS_EXPRESSION><VALUE1_IS_EXPR>N</VALUE1_IS_EXPR><VALUE2_IS_EXPR>N</VALUE2_IS_EXPR><VALUE3_IS_EXPR>N</VALUE3_IS_EXPR><VALUE4_IS_EXPR>N</VALUE4_IS_EXPR><VALUE5_IS_EXPR>N</VALUE5_IS_EXPR><VALUE6_IS_EXPR>N</VALUE6_IS_EXPR><TEST_ELEMENT_GUID>{E7EDE620-BC66-4374-84B0-FB487EB83C16}</TEST_ELEMENT_GUID><ASSIGN_IN_SETUP>N</ASSIGN_IN_SETUP><ARGUMENT_ALIAS>e_Function_return_value1</ARGUMENT_ALIAS><NO_LOCAL_DECLARATION>N</NO_LOCAL_DECLARATION><OT_ATTRIBUTE_GUID></OT_ATTRIBUTE_GUID>
												<CREATED_ON>2010-01-02T12:37:41</CREATED_ON><CREATED_BY>QCTO19</CREATED_BY><CHANGED_ON>2010-01-02T12:37:41</CHANGED_ON><CHANGED_BY>QCTO19</CHANGED_BY>
												<DATATYPE_DECLARE>PLS_INTEGER</DATATYPE_DECLARE>
												<VALUE1><![CDATA[]]></VALUE1>
												<VALUE2><![CDATA[]]></VALUE2>
												<VALUE3><![CDATA[]]></VALUE3>
												<VALUE4><![CDATA[]]></VALUE4>
												<VALUE5><![CDATA[]]></VALUE5>
												<VALUE6><![CDATA[]]></VALUE6></COLUMNS></QU_ATTRIBUTES>
										<QU_ATTRIBUTES><COLUMNS><PARENT_GUID>{A2605ABF-61A1-4D3C-B47E-16ACB5010B38}</PARENT_GUID><USAGE_TYPE>RESULT</USAGE_TYPE>
												<INTERNAL_VALUE><![CDATA[NULL]]></INTERNAL_VALUE>
												<EXTERNAL_VALUE><![CDATA[NULL]]></EXTERNAL_VALUE>
												<IS_EXPRESSION>N</IS_EXPRESSION><VALUE1_IS_EXPR>N</VALUE1_IS_EXPR><VALUE2_IS_EXPR>N</VALUE2_IS_EXPR><VALUE3_IS_EXPR>N</VALUE3_IS_EXPR><VALUE4_IS_EXPR>N</VALUE4_IS_EXPR><VALUE5_IS_EXPR>N</VALUE5_IS_EXPR><VALUE6_IS_EXPR>N</VALUE6_IS_EXPR><TEST_ELEMENT_GUID>{E7EDE620-BC66-4374-84B0-FB487EB83C16}</TEST_ELEMENT_GUID><ASSIGN_IN_SETUP>N</ASSIGN_IN_SETUP><ARGUMENT_ALIAS>Q##function_return_value</ARGUMENT_ALIAS><NO_LOCAL_DECLARATION>N</NO_LOCAL_DECLARATION><OT_ATTRIBUTE_GUID></OT_ATTRIBUTE_GUID>
												<CREATED_ON>2010-01-02T12:37:41</CREATED_ON><CREATED_BY>QCTO19</CREATED_BY><CHANGED_ON>2010-01-02T12:37:41</CHANGED_ON><CHANGED_BY>QCTO19</CHANGED_BY>
												<DATATYPE_DECLARE>PLS_INTEGER</DATATYPE_DECLARE>
												<VALUE1><![CDATA[]]></VALUE1>
												<VALUE2><![CDATA[]]></VALUE2>
												<VALUE3><![CDATA[]]></VALUE3>
												<VALUE4><![CDATA[]]></VALUE4>
												<VALUE5><![CDATA[]]></VALUE5>
												<VALUE6><![CDATA[]]></VALUE6></COLUMNS></QU_ATTRIBUTES>
									</ATTRIBUTES>
								</QU_OUTCOME>
							</OUTCOMES>
							<CODE_COVERAGE>
							</CODE_COVERAGE>
						</QU_TEST_CASE>
						<QU_TEST_CASE>
							<COLUMNS><UNIVERSAL_ID>{AE52B62F-6E57-4C81-99FD-F0ACE27F17E5}</UNIVERSAL_ID>
								<UNIT_TEST_GUID>{1AAB4969-50CD-45CF-8DE2-D504874D096A}</UNIT_TEST_GUID>
								<NAME><![CDATA[Whole string just one character]]></NAME>
								<DESCRIPTION><![CDATA[]]></DESCRIPTION>
								<REQUIREMENT><![CDATA[]]></REQUIREMENT>
								<TESTING_STATUS>Y</TESTING_STATUS>
								<PROGRAM_NAME><![CDATA[Q##WHOLE_STRING_JUST_ONE_CHARA]]></PROGRAM_NAME>
								<EXCEPTION_ON_FAILURE></EXCEPTION_ON_FAILURE>
								<CREATED_ON>2010-01-02T12:37:41</CREATED_ON>
								<CREATED_BY>QCTO19</CREATED_BY>
								<CHANGED_ON>2010-01-02T12:37:41</CHANGED_ON>
								<CHANGED_BY>QCTO19</CHANGED_BY>
								<DECLARATIONS><![CDATA[]]></DECLARATIONS>
								<SETUP_CODE><![CDATA[]]></SETUP_CODE>
								<PRE_EXECUTION_CODE><![CDATA[]]></PRE_EXECUTION_CODE>
								<POST_EXECUTION_CODE><![CDATA[]]></POST_EXECUTION_CODE>
								<ALT_EXECUTION_CODE><![CDATA[]]></ALT_EXECUTION_CODE>
								<ASSERTION_CODE><![CDATA[]]></ASSERTION_CODE>
								<TEARDOWN_CODE><![CDATA[]]></TEARDOWN_CODE>
								<EXCEPTIONS><![CDATA[]]></EXCEPTIONS>
								<PARAMETER_HASH_LIST></PARAMETER_HASH_LIST>
								<GENERATED_ON></GENERATED_ON>
								<IS_SIMPLE>N</IS_SIMPLE>
								<CODE_LOCATION></CODE_LOCATION>
								<DECLARE_PROGRAMS><![CDATA[]]></DECLARE_PROGRAMS>
								<GENERATION_TAG><![CDATA[20100102123741]]></GENERATION_TAG>
								<IS_DYNAMIC>N</IS_DYNAMIC>
								<CORRELATE_VALUES>Y</CORRELATE_VALUES>
								<CONDITIONAL_EXECUTION><![CDATA[]]></CONDITIONAL_EXECUTION>
								<RUN_WHEN_UT_FAILS>Y</RUN_WHEN_UT_FAILS>
								<ROLLBACK_BEFORE>Y</ROLLBACK_BEFORE>
								<ROLLBACK_AFTER>Y</ROLLBACK_AFTER>
								<COMMIT_BEFORE>N</COMMIT_BEFORE>
								<COMMIT_AFTER>N</COMMIT_AFTER>
								<PROFILE_EXECUTION>N</PROFILE_EXECUTION></COLUMNS>
							<INPUTS>
								<QU_INPUT>
									<COLUMNS><UNIVERSAL_ID>{3F23671F-0A54-4097-B4C9-CC18F0C7FB6A}</UNIVERSAL_ID><TEST_CASE_GUID>{AE52B62F-6E57-4C81-99FD-F0ACE27F17E5}</TEST_CASE_GUID><TEST_ELEMENT_GUID>{10AE1C4B-0DCA-4698-BFA2-7A7590B2585E}</TEST_ELEMENT_GUID>
										<INTERNAL_VALUE><![CDATA[d]]></INTERNAL_VALUE>
										<EXTERNAL_VALUE><![CDATA['d']]></EXTERNAL_VALUE>
										<IS_EXPRESSION>N</IS_EXPRESSION><ASSIGN_IN_SETUP>N</ASSIGN_IN_SETUP><ARGUMENT_ALIAS>i_STRING_IN</ARGUMENT_ALIAS>
										<CREATED_ON>2010-01-02T12:37:41</CREATED_ON><CREATED_BY>QCTO19</CREATED_BY><CHANGED_ON>2010-01-02T12:37:41</CHANGED_ON><CHANGED_BY>QCTO19</CHANGED_BY>
										<SETUP_CODE><![CDATA[]]></SETUP_CODE>
										<TEARDOWN_CODE><![CDATA[]]></TEARDOWN_CODE>
										<INTVAL_HDR_GUID></INTVAL_HDR_GUID><USE_DEFAULT_VALUE>N</USE_DEFAULT_VALUE><OT_ATTRIBUTE_GUID></OT_ATTRIBUTE_GUID><USER_EXTENSION></USER_EXTENSION></COLUMNS>
									<ATTRIBUTES>
										<QU_ATTRIBUTES><COLUMNS><PARENT_GUID>{3F23671F-0A54-4097-B4C9-CC18F0C7FB6A}</PARENT_GUID><USAGE_TYPE>INPUT</USAGE_TYPE>
												<INTERNAL_VALUE><![CDATA[NULL]]></INTERNAL_VALUE>
												<EXTERNAL_VALUE><![CDATA[]]></EXTERNAL_VALUE>
												<IS_EXPRESSION>N</IS_EXPRESSION><VALUE1_IS_EXPR>N</VALUE1_IS_EXPR><VALUE2_IS_EXPR>N</VALUE2_IS_EXPR><VALUE3_IS_EXPR>N</VALUE3_IS_EXPR><VALUE4_IS_EXPR>N</VALUE4_IS_EXPR><VALUE5_IS_EXPR>N</VALUE5_IS_EXPR><VALUE6_IS_EXPR>N</VALUE6_IS_EXPR><TEST_ELEMENT_GUID>{10AE1C4B-0DCA-4698-BFA2-7A7590B2585E}</TEST_ELEMENT_GUID><ASSIGN_IN_SETUP>N</ASSIGN_IN_SETUP><ARGUMENT_ALIAS>V127237387</ARGUMENT_ALIAS><NO_LOCAL_DECLARATION>N</NO_LOCAL_DECLARATION><OT_ATTRIBUTE_GUID></OT_ATTRIBUTE_GUID>
												<CREATED_ON>2010-01-02T12:37:41</CREATED_ON><CREATED_BY>QCTO19</CREATED_BY><CHANGED_ON>2010-01-02T12:37:41</CHANGED_ON><CHANGED_BY>QCTO19</CHANGED_BY>
												<DATATYPE_DECLARE>VARCHAR2(32767)</DATATYPE_DECLARE>
												<VALUE1><![CDATA[]]></VALUE1>
												<VALUE2><![CDATA[]]></VALUE2>
												<VALUE3><![CDATA[]]></VALUE3>
												<VALUE4><![CDATA[]]></VALUE4>
												<VALUE5><![CDATA[]]></VALUE5>
												<VALUE6><![CDATA[]]></VALUE6></COLUMNS></QU_ATTRIBUTES>
									</ATTRIBUTES>
								</QU_INPUT>
								<QU_INPUT>
									<COLUMNS><UNIVERSAL_ID>{7E801BE4-B29E-40B8-9048-20E297F95731}</UNIVERSAL_ID><TEST_CASE_GUID>{AE52B62F-6E57-4C81-99FD-F0ACE27F17E5}</TEST_CASE_GUID><TEST_ELEMENT_GUID>{63D6EF1E-E582-48D1-B647-72A5900AF8E9}</TEST_ELEMENT_GUID>
										<INTERNAL_VALUE><![CDATA[d]]></INTERNAL_VALUE>
										<EXTERNAL_VALUE><![CDATA['d']]></EXTERNAL_VALUE>
										<IS_EXPRESSION>N</IS_EXPRESSION><ASSIGN_IN_SETUP>N</ASSIGN_IN_SETUP><ARGUMENT_ALIAS>i_SUBSTRING_IN</ARGUMENT_ALIAS>
										<CREATED_ON>2010-01-02T12:37:41</CREATED_ON><CREATED_BY>QCTO19</CREATED_BY><CHANGED_ON>2010-01-02T12:37:41</CHANGED_ON><CHANGED_BY>QCTO19</CHANGED_BY>
										<SETUP_CODE><![CDATA[]]></SETUP_CODE>
										<TEARDOWN_CODE><![CDATA[]]></TEARDOWN_CODE>
										<INTVAL_HDR_GUID></INTVAL_HDR_GUID><USE_DEFAULT_VALUE>N</USE_DEFAULT_VALUE><OT_ATTRIBUTE_GUID></OT_ATTRIBUTE_GUID><USER_EXTENSION></USER_EXTENSION></COLUMNS>
									<ATTRIBUTES>
										<QU_ATTRIBUTES><COLUMNS><PARENT_GUID>{7E801BE4-B29E-40B8-9048-20E297F95731}</PARENT_GUID><USAGE_TYPE>INPUT</USAGE_TYPE>
												<INTERNAL_VALUE><![CDATA[NULL]]></INTERNAL_VALUE>
												<EXTERNAL_VALUE><![CDATA[]]></EXTERNAL_VALUE>
												<IS_EXPRESSION>N</IS_EXPRESSION><VALUE1_IS_EXPR>N</VALUE1_IS_EXPR><VALUE2_IS_EXPR>N</VALUE2_IS_EXPR><VALUE3_IS_EXPR>N</VALUE3_IS_EXPR><VALUE4_IS_EXPR>N</VALUE4_IS_EXPR><VALUE5_IS_EXPR>N</VALUE5_IS_EXPR><VALUE6_IS_EXPR>N</VALUE6_IS_EXPR><TEST_ELEMENT_GUID>{63D6EF1E-E582-48D1-B647-72A5900AF8E9}</TEST_ELEMENT_GUID><ASSIGN_IN_SETUP>N</ASSIGN_IN_SETUP><ARGUMENT_ALIAS>V1068321684</ARGUMENT_ALIAS><NO_LOCAL_DECLARATION>N</NO_LOCAL_DECLARATION><OT_ATTRIBUTE_GUID></OT_ATTRIBUTE_GUID>
												<CREATED_ON>2010-01-02T12:37:41</CREATED_ON><CREATED_BY>QCTO19</CREATED_BY><CHANGED_ON>2010-01-02T12:37:41</CHANGED_ON><CHANGED_BY>QCTO19</CHANGED_BY>
												<DATATYPE_DECLARE>VARCHAR2(32767)</DATATYPE_DECLARE>
												<VALUE1><![CDATA[]]></VALUE1>
												<VALUE2><![CDATA[]]></VALUE2>
												<VALUE3><![CDATA[]]></VALUE3>
												<VALUE4><![CDATA[]]></VALUE4>
												<VALUE5><![CDATA[]]></VALUE5>
												<VALUE6><![CDATA[]]></VALUE6></COLUMNS></QU_ATTRIBUTES>
									</ATTRIBUTES>
								</QU_INPUT>
							</INPUTS>
							<OUTCOMES>
								<QU_OUTCOME>
									<COLUMNS><UNIVERSAL_ID>{038A2950-68B2-4C3B-B8F7-1D880F119359}</UNIVERSAL_ID><TEST_CASE_GUID>{AE52B62F-6E57-4C81-99FD-F0ACE27F17E5}</TEST_CASE_GUID><ASSERTION_TYPE_GUID>{43E3B49A-0877-4F51-9526-DCBF345F1563}</ASSERTION_TYPE_GUID><NULL_OK>Y</NULL_OK><RAISE_EXCEPTION>N</RAISE_EXCEPTION><CUSTOM_ASSERT_ONLY>N</CUSTOM_ASSERT_ONLY><NAME><![CDATA[Scalar is equal to the expected value?]]></NAME><TESTING_STATUS>Y</TESTING_STATUS>
										<CREATED_ON>2010-01-02T12:37:41</CREATED_ON><CREATED_BY>QCTO19</CREATED_BY><CHANGED_ON>2010-01-02T12:37:41</CHANGED_ON><CHANGED_BY>QCTO19</CHANGED_BY>
										<TEMPLATE_GUID>{25499982-A764-42F8-9A6F-C3E416CD3655}</TEMPLATE_GUID><DESCRIPTION><![CDATA[]]></DESCRIPTION>
										<ASSERTION_CODE><![CDATA[]]></ASSERTION_CODE>
										<CODE_LOCATION></CODE_LOCATION><DECLARE_PROGRAMS><![CDATA[]]></DECLARE_PROGRAMS>
										<SETUP_CODE><![CDATA[]]></SETUP_CODE>
										<TEARDOWN_CODE><![CDATA[]]></TEARDOWN_CODE><COLUMN_SET_GUID></COLUMN_SET_GUID><INTVAL_HDR_GUID></INTVAL_HDR_GUID><USER_EXTENSION></USER_EXTENSION></COLUMNS>
									<ATTRIBUTES>
										<QU_ATTRIBUTES><COLUMNS><PARENT_GUID>{038A2950-68B2-4C3B-B8F7-1D880F119359}</PARENT_GUID><USAGE_TYPE>CONTROL</USAGE_TYPE>
												<INTERNAL_VALUE><![CDATA[1]]></INTERNAL_VALUE>
												<EXTERNAL_VALUE><![CDATA[1]]></EXTERNAL_VALUE>
												<IS_EXPRESSION>N</IS_EXPRESSION><VALUE1_IS_EXPR>N</VALUE1_IS_EXPR><VALUE2_IS_EXPR>N</VALUE2_IS_EXPR><VALUE3_IS_EXPR>N</VALUE3_IS_EXPR><VALUE4_IS_EXPR>N</VALUE4_IS_EXPR><VALUE5_IS_EXPR>N</VALUE5_IS_EXPR><VALUE6_IS_EXPR>N</VALUE6_IS_EXPR><TEST_ELEMENT_GUID>{E7EDE620-BC66-4374-84B0-FB487EB83C16}</TEST_ELEMENT_GUID><ASSIGN_IN_SETUP>N</ASSIGN_IN_SETUP><ARGUMENT_ALIAS>e_Function_return_value1</ARGUMENT_ALIAS><NO_LOCAL_DECLARATION>N</NO_LOCAL_DECLARATION><OT_ATTRIBUTE_GUID></OT_ATTRIBUTE_GUID>
												<CREATED_ON>2010-01-02T12:37:41</CREATED_ON><CREATED_BY>QCTO19</CREATED_BY><CHANGED_ON>2010-01-02T12:37:41</CHANGED_ON><CHANGED_BY>QCTO19</CHANGED_BY>
												<DATATYPE_DECLARE>PLS_INTEGER</DATATYPE_DECLARE>
												<VALUE1><![CDATA[]]></VALUE1>
												<VALUE2><![CDATA[]]></VALUE2>
												<VALUE3><![CDATA[]]></VALUE3>
												<VALUE4><![CDATA[]]></VALUE4>
												<VALUE5><![CDATA[]]></VALUE5>
												<VALUE6><![CDATA[]]></VALUE6></COLUMNS></QU_ATTRIBUTES>
										<QU_ATTRIBUTES><COLUMNS><PARENT_GUID>{038A2950-68B2-4C3B-B8F7-1D880F119359}</PARENT_GUID><USAGE_TYPE>RESULT</USAGE_TYPE>
												<INTERNAL_VALUE><![CDATA[NULL]]></INTERNAL_VALUE>
												<EXTERNAL_VALUE><![CDATA[NULL]]></EXTERNAL_VALUE>
												<IS_EXPRESSION>N</IS_EXPRESSION><VALUE1_IS_EXPR>N</VALUE1_IS_EXPR><VALUE2_IS_EXPR>N</VALUE2_IS_EXPR><VALUE3_IS_EXPR>N</VALUE3_IS_EXPR><VALUE4_IS_EXPR>N</VALUE4_IS_EXPR><VALUE5_IS_EXPR>N</VALUE5_IS_EXPR><VALUE6_IS_EXPR>N</VALUE6_IS_EXPR><TEST_ELEMENT_GUID>{E7EDE620-BC66-4374-84B0-FB487EB83C16}</TEST_ELEMENT_GUID><ASSIGN_IN_SETUP>N</ASSIGN_IN_SETUP><ARGUMENT_ALIAS>Q##function_return_value</ARGUMENT_ALIAS><NO_LOCAL_DECLARATION>N</NO_LOCAL_DECLARATION><OT_ATTRIBUTE_GUID></OT_ATTRIBUTE_GUID>
												<CREATED_ON>2010-01-02T12:37:41</CREATED_ON><CREATED_BY>QCTO19</CREATED_BY><CHANGED_ON>2010-01-02T12:37:41</CHANGED_ON><CHANGED_BY>QCTO19</CHANGED_BY>
												<DATATYPE_DECLARE>PLS_INTEGER</DATATYPE_DECLARE>
												<VALUE1><![CDATA[]]></VALUE1>
												<VALUE2><![CDATA[]]></VALUE2>
												<VALUE3><![CDATA[]]></VALUE3>
												<VALUE4><![CDATA[]]></VALUE4>
												<VALUE5><![CDATA[]]></VALUE5>
												<VALUE6><![CDATA[]]></VALUE6></COLUMNS></QU_ATTRIBUTES>
									</ATTRIBUTES>
								</QU_OUTCOME>
							</OUTCOMES>
							<CODE_COVERAGE>
							</CODE_COVERAGE>
						</QU_TEST_CASE>
						<QU_TEST_CASE>
							<COLUMNS><UNIVERSAL_ID>{317D9B73-DAE9-47D0-BB8D-65CD0B4AD25A}</UNIVERSAL_ID>
								<UNIT_TEST_GUID>{1AAB4969-50CD-45CF-8DE2-D504874D096A}</UNIT_TEST_GUID>
								<NAME><![CDATA[Whole string of these characters]]></NAME>
								<DESCRIPTION><![CDATA[]]></DESCRIPTION>
								<REQUIREMENT><![CDATA[]]></REQUIREMENT>
								<TESTING_STATUS>Y</TESTING_STATUS>
								<PROGRAM_NAME><![CDATA[Q##WHOLE_STRING_OF_THESE_CHARA]]></PROGRAM_NAME>
								<EXCEPTION_ON_FAILURE></EXCEPTION_ON_FAILURE>
								<CREATED_ON>2010-01-02T12:37:41</CREATED_ON>
								<CREATED_BY>QCTO19</CREATED_BY>
								<CHANGED_ON>2010-01-02T12:37:41</CHANGED_ON>
								<CHANGED_BY>QCTO19</CHANGED_BY>
								<DECLARATIONS><![CDATA[]]></DECLARATIONS>
								<SETUP_CODE><![CDATA[]]></SETUP_CODE>
								<PRE_EXECUTION_CODE><![CDATA[]]></PRE_EXECUTION_CODE>
								<POST_EXECUTION_CODE><![CDATA[]]></POST_EXECUTION_CODE>
								<ALT_EXECUTION_CODE><![CDATA[]]></ALT_EXECUTION_CODE>
								<ASSERTION_CODE><![CDATA[]]></ASSERTION_CODE>
								<TEARDOWN_CODE><![CDATA[]]></TEARDOWN_CODE>
								<EXCEPTIONS><![CDATA[]]></EXCEPTIONS>
								<PARAMETER_HASH_LIST></PARAMETER_HASH_LIST>
								<GENERATED_ON></GENERATED_ON>
								<IS_SIMPLE>N</IS_SIMPLE>
								<CODE_LOCATION></CODE_LOCATION>
								<DECLARE_PROGRAMS><![CDATA[]]></DECLARE_PROGRAMS>
								<GENERATION_TAG><![CDATA[20100102123741]]></GENERATION_TAG>
								<IS_DYNAMIC>N</IS_DYNAMIC>
								<CORRELATE_VALUES>Y</CORRELATE_VALUES>
								<CONDITIONAL_EXECUTION><![CDATA[]]></CONDITIONAL_EXECUTION>
								<RUN_WHEN_UT_FAILS>Y</RUN_WHEN_UT_FAILS>
								<ROLLBACK_BEFORE>Y</ROLLBACK_BEFORE>
								<ROLLBACK_AFTER>Y</ROLLBACK_AFTER>
								<COMMIT_BEFORE>N</COMMIT_BEFORE>
								<COMMIT_AFTER>N</COMMIT_AFTER>
								<PROFILE_EXECUTION>N</PROFILE_EXECUTION></COLUMNS>
							<INPUTS>
								<QU_INPUT>
									<COLUMNS><UNIVERSAL_ID>{17BBAE3B-5460-4294-BAA9-290AFDB68494}</UNIVERSAL_ID><TEST_CASE_GUID>{317D9B73-DAE9-47D0-BB8D-65CD0B4AD25A}</TEST_CASE_GUID><TEST_ELEMENT_GUID>{10AE1C4B-0DCA-4698-BFA2-7A7590B2585E}</TEST_ELEMENT_GUID>
										<INTERNAL_VALUE><![CDATA[dddd]]></INTERNAL_VALUE>
										<EXTERNAL_VALUE><![CDATA['dddd']]></EXTERNAL_VALUE>
										<IS_EXPRESSION>N</IS_EXPRESSION><ASSIGN_IN_SETUP>N</ASSIGN_IN_SETUP><ARGUMENT_ALIAS>i_STRING_IN</ARGUMENT_ALIAS>
										<CREATED_ON>2010-01-02T12:37:41</CREATED_ON><CREATED_BY>QCTO19</CREATED_BY><CHANGED_ON>2010-01-02T12:37:41</CHANGED_ON><CHANGED_BY>QCTO19</CHANGED_BY>
										<SETUP_CODE><![CDATA[]]></SETUP_CODE>
										<TEARDOWN_CODE><![CDATA[]]></TEARDOWN_CODE>
										<INTVAL_HDR_GUID></INTVAL_HDR_GUID><USE_DEFAULT_VALUE>N</USE_DEFAULT_VALUE><OT_ATTRIBUTE_GUID></OT_ATTRIBUTE_GUID><USER_EXTENSION></USER_EXTENSION></COLUMNS>
									<ATTRIBUTES>
										<QU_ATTRIBUTES><COLUMNS><PARENT_GUID>{17BBAE3B-5460-4294-BAA9-290AFDB68494}</PARENT_GUID><USAGE_TYPE>INPUT</USAGE_TYPE>
												<INTERNAL_VALUE><![CDATA[NULL]]></INTERNAL_VALUE>
												<EXTERNAL_VALUE><![CDATA[]]></EXTERNAL_VALUE>
												<IS_EXPRESSION>N</IS_EXPRESSION><VALUE1_IS_EXPR>N</VALUE1_IS_EXPR><VALUE2_IS_EXPR>N</VALUE2_IS_EXPR><VALUE3_IS_EXPR>N</VALUE3_IS_EXPR><VALUE4_IS_EXPR>N</VALUE4_IS_EXPR><VALUE5_IS_EXPR>N</VALUE5_IS_EXPR><VALUE6_IS_EXPR>N</VALUE6_IS_EXPR><TEST_ELEMENT_GUID>{10AE1C4B-0DCA-4698-BFA2-7A7590B2585E}</TEST_ELEMENT_GUID><ASSIGN_IN_SETUP>N</ASSIGN_IN_SETUP><ARGUMENT_ALIAS>V1725790432</ARGUMENT_ALIAS><NO_LOCAL_DECLARATION>N</NO_LOCAL_DECLARATION><OT_ATTRIBUTE_GUID></OT_ATTRIBUTE_GUID>
												<CREATED_ON>2010-01-02T12:37:41</CREATED_ON><CREATED_BY>QCTO19</CREATED_BY><CHANGED_ON>2010-01-02T12:37:41</CHANGED_ON><CHANGED_BY>QCTO19</CHANGED_BY>
												<DATATYPE_DECLARE>VARCHAR2(32767)</DATATYPE_DECLARE>
												<VALUE1><![CDATA[]]></VALUE1>
												<VALUE2><![CDATA[]]></VALUE2>
												<VALUE3><![CDATA[]]></VALUE3>
												<VALUE4><![CDATA[]]></VALUE4>
												<VALUE5><![CDATA[]]></VALUE5>
												<VALUE6><![CDATA[]]></VALUE6></COLUMNS></QU_ATTRIBUTES>
									</ATTRIBUTES>
								</QU_INPUT>
								<QU_INPUT>
									<COLUMNS><UNIVERSAL_ID>{8823DAA4-DC6F-4AF3-A7AE-C93EEACBE7BC}</UNIVERSAL_ID><TEST_CASE_GUID>{317D9B73-DAE9-47D0-BB8D-65CD0B4AD25A}</TEST_CASE_GUID><TEST_ELEMENT_GUID>{63D6EF1E-E582-48D1-B647-72A5900AF8E9}</TEST_ELEMENT_GUID>
										<INTERNAL_VALUE><![CDATA[d]]></INTERNAL_VALUE>
										<EXTERNAL_VALUE><![CDATA['d']]></EXTERNAL_VALUE>
										<IS_EXPRESSION>N</IS_EXPRESSION><ASSIGN_IN_SETUP>N</ASSIGN_IN_SETUP><ARGUMENT_ALIAS>i_SUBSTRING_IN</ARGUMENT_ALIAS>
										<CREATED_ON>2010-01-02T12:37:41</CREATED_ON><CREATED_BY>QCTO19</CREATED_BY><CHANGED_ON>2010-01-02T12:37:41</CHANGED_ON><CHANGED_BY>QCTO19</CHANGED_BY>
										<SETUP_CODE><![CDATA[]]></SETUP_CODE>
										<TEARDOWN_CODE><![CDATA[]]></TEARDOWN_CODE>
										<INTVAL_HDR_GUID></INTVAL_HDR_GUID><USE_DEFAULT_VALUE>N</USE_DEFAULT_VALUE><OT_ATTRIBUTE_GUID></OT_ATTRIBUTE_GUID><USER_EXTENSION></USER_EXTENSION></COLUMNS>
									<ATTRIBUTES>
										<QU_ATTRIBUTES><COLUMNS><PARENT_GUID>{8823DAA4-DC6F-4AF3-A7AE-C93EEACBE7BC}</PARENT_GUID><USAGE_TYPE>INPUT</USAGE_TYPE>
												<INTERNAL_VALUE><![CDATA[NULL]]></INTERNAL_VALUE>
												<EXTERNAL_VALUE><![CDATA[]]></EXTERNAL_VALUE>
												<IS_EXPRESSION>N</IS_EXPRESSION><VALUE1_IS_EXPR>N</VALUE1_IS_EXPR><VALUE2_IS_EXPR>N</VALUE2_IS_EXPR><VALUE3_IS_EXPR>N</VALUE3_IS_EXPR><VALUE4_IS_EXPR>N</VALUE4_IS_EXPR><VALUE5_IS_EXPR>N</VALUE5_IS_EXPR><VALUE6_IS_EXPR>N</VALUE6_IS_EXPR><TEST_ELEMENT_GUID>{63D6EF1E-E582-48D1-B647-72A5900AF8E9}</TEST_ELEMENT_GUID><ASSIGN_IN_SETUP>N</ASSIGN_IN_SETUP><ARGUMENT_ALIAS>V797458169</ARGUMENT_ALIAS><NO_LOCAL_DECLARATION>N</NO_LOCAL_DECLARATION><OT_ATTRIBUTE_GUID></OT_ATTRIBUTE_GUID>
												<CREATED_ON>2010-01-02T12:37:41</CREATED_ON><CREATED_BY>QCTO19</CREATED_BY><CHANGED_ON>2010-01-02T12:37:41</CHANGED_ON><CHANGED_BY>QCTO19</CHANGED_BY>
												<DATATYPE_DECLARE>VARCHAR2(32767)</DATATYPE_DECLARE>
												<VALUE1><![CDATA[]]></VALUE1>
												<VALUE2><![CDATA[]]></VALUE2>
												<VALUE3><![CDATA[]]></VALUE3>
												<VALUE4><![CDATA[]]></VALUE4>
												<VALUE5><![CDATA[]]></VALUE5>
												<VALUE6><![CDATA[]]></VALUE6></COLUMNS></QU_ATTRIBUTES>
									</ATTRIBUTES>
								</QU_INPUT>
							</INPUTS>
							<OUTCOMES>
								<QU_OUTCOME>
									<COLUMNS><UNIVERSAL_ID>{C59964BB-21CE-45CB-8F7D-728DD44F2706}</UNIVERSAL_ID><TEST_CASE_GUID>{317D9B73-DAE9-47D0-BB8D-65CD0B4AD25A}</TEST_CASE_GUID><ASSERTION_TYPE_GUID>{43E3B49A-0877-4F51-9526-DCBF345F1563}</ASSERTION_TYPE_GUID><NULL_OK>Y</NULL_OK><RAISE_EXCEPTION>N</RAISE_EXCEPTION><CUSTOM_ASSERT_ONLY>N</CUSTOM_ASSERT_ONLY><NAME><![CDATA[Scalar is equal to the expected value?]]></NAME><TESTING_STATUS>Y</TESTING_STATUS>
										<CREATED_ON>2010-01-02T12:37:41</CREATED_ON><CREATED_BY>QCTO19</CREATED_BY><CHANGED_ON>2010-01-02T12:37:41</CHANGED_ON><CHANGED_BY>QCTO19</CHANGED_BY>
										<TEMPLATE_GUID>{25499982-A764-42F8-9A6F-C3E416CD3655}</TEMPLATE_GUID><DESCRIPTION><![CDATA[]]></DESCRIPTION>
										<ASSERTION_CODE><![CDATA[]]></ASSERTION_CODE>
										<CODE_LOCATION></CODE_LOCATION><DECLARE_PROGRAMS><![CDATA[]]></DECLARE_PROGRAMS>
										<SETUP_CODE><![CDATA[]]></SETUP_CODE>
										<TEARDOWN_CODE><![CDATA[]]></TEARDOWN_CODE><COLUMN_SET_GUID></COLUMN_SET_GUID><INTVAL_HDR_GUID></INTVAL_HDR_GUID><USER_EXTENSION></USER_EXTENSION></COLUMNS>
									<ATTRIBUTES>
										<QU_ATTRIBUTES><COLUMNS><PARENT_GUID>{C59964BB-21CE-45CB-8F7D-728DD44F2706}</PARENT_GUID><USAGE_TYPE>CONTROL</USAGE_TYPE>
												<INTERNAL_VALUE><![CDATA[4]]></INTERNAL_VALUE>
												<EXTERNAL_VALUE><![CDATA[4]]></EXTERNAL_VALUE>
												<IS_EXPRESSION>N</IS_EXPRESSION><VALUE1_IS_EXPR>N</VALUE1_IS_EXPR><VALUE2_IS_EXPR>N</VALUE2_IS_EXPR><VALUE3_IS_EXPR>N</VALUE3_IS_EXPR><VALUE4_IS_EXPR>N</VALUE4_IS_EXPR><VALUE5_IS_EXPR>N</VALUE5_IS_EXPR><VALUE6_IS_EXPR>N</VALUE6_IS_EXPR><TEST_ELEMENT_GUID>{E7EDE620-BC66-4374-84B0-FB487EB83C16}</TEST_ELEMENT_GUID><ASSIGN_IN_SETUP>N</ASSIGN_IN_SETUP><ARGUMENT_ALIAS>e_Function_return_value1</ARGUMENT_ALIAS><NO_LOCAL_DECLARATION>N</NO_LOCAL_DECLARATION><OT_ATTRIBUTE_GUID></OT_ATTRIBUTE_GUID>
												<CREATED_ON>2010-01-02T12:37:41</CREATED_ON><CREATED_BY>QCTO19</CREATED_BY><CHANGED_ON>2010-01-02T12:37:41</CHANGED_ON><CHANGED_BY>QCTO19</CHANGED_BY>
												<DATATYPE_DECLARE>PLS_INTEGER</DATATYPE_DECLARE>
												<VALUE1><![CDATA[]]></VALUE1>
												<VALUE2><![CDATA[]]></VALUE2>
												<VALUE3><![CDATA[]]></VALUE3>
												<VALUE4><![CDATA[]]></VALUE4>
												<VALUE5><![CDATA[]]></VALUE5>
												<VALUE6><![CDATA[]]></VALUE6></COLUMNS></QU_ATTRIBUTES>
										<QU_ATTRIBUTES><COLUMNS><PARENT_GUID>{C59964BB-21CE-45CB-8F7D-728DD44F2706}</PARENT_GUID><USAGE_TYPE>RESULT</USAGE_TYPE>
												<INTERNAL_VALUE><![CDATA[NULL]]></INTERNAL_VALUE>
												<EXTERNAL_VALUE><![CDATA[NULL]]></EXTERNAL_VALUE>
												<IS_EXPRESSION>N</IS_EXPRESSION><VALUE1_IS_EXPR>N</VALUE1_IS_EXPR><VALUE2_IS_EXPR>N</VALUE2_IS_EXPR><VALUE3_IS_EXPR>N</VALUE3_IS_EXPR><VALUE4_IS_EXPR>N</VALUE4_IS_EXPR><VALUE5_IS_EXPR>N</VALUE5_IS_EXPR><VALUE6_IS_EXPR>N</VALUE6_IS_EXPR><TEST_ELEMENT_GUID>{E7EDE620-BC66-4374-84B0-FB487EB83C16}</TEST_ELEMENT_GUID><ASSIGN_IN_SETUP>N</ASSIGN_IN_SETUP><ARGUMENT_ALIAS>Q##function_return_value</ARGUMENT_ALIAS><NO_LOCAL_DECLARATION>N</NO_LOCAL_DECLARATION><OT_ATTRIBUTE_GUID></OT_ATTRIBUTE_GUID>
												<CREATED_ON>2010-01-02T12:37:41</CREATED_ON><CREATED_BY>QCTO19</CREATED_BY><CHANGED_ON>2010-01-02T12:37:41</CHANGED_ON><CHANGED_BY>QCTO19</CHANGED_BY>
												<DATATYPE_DECLARE>PLS_INTEGER</DATATYPE_DECLARE>
												<VALUE1><![CDATA[]]></VALUE1>
												<VALUE2><![CDATA[]]></VALUE2>
												<VALUE3><![CDATA[]]></VALUE3>
												<VALUE4><![CDATA[]]></VALUE4>
												<VALUE5><![CDATA[]]></VALUE5>
												<VALUE6><![CDATA[]]></VALUE6></COLUMNS></QU_ATTRIBUTES>
									</ATTRIBUTES>
								</QU_OUTCOME>
							</OUTCOMES>
							<CODE_COVERAGE>
							</CODE_COVERAGE>
						</QU_TEST_CASE>
						<QU_TEST_CASE>
							<COLUMNS><UNIVERSAL_ID>{F9EC1B51-C2A6-42A8-B7B0-3EE9E3D97995}</UNIVERSAL_ID>
								<UNIT_TEST_GUID>{1AAB4969-50CD-45CF-8DE2-D504874D096A}</UNIT_TEST_GUID>
								<NAME><![CDATA[Null returns null]]></NAME>
								<DESCRIPTION><![CDATA[]]></DESCRIPTION>
								<REQUIREMENT><![CDATA[]]></REQUIREMENT>
								<TESTING_STATUS>Y</TESTING_STATUS>
								<PROGRAM_NAME><![CDATA[Q##NULL_RETURNS_0]]></PROGRAM_NAME>
								<EXCEPTION_ON_FAILURE></EXCEPTION_ON_FAILURE>
								<CREATED_ON>2010-01-02T12:37:41</CREATED_ON>
								<CREATED_BY>QCTO19</CREATED_BY>
								<CHANGED_ON>2010-01-02T12:40:41</CHANGED_ON>
								<CHANGED_BY>QCTO19</CHANGED_BY>
								<DECLARATIONS><![CDATA[]]></DECLARATIONS>
								<SETUP_CODE><![CDATA[]]></SETUP_CODE>
								<PRE_EXECUTION_CODE><![CDATA[]]></PRE_EXECUTION_CODE>
								<POST_EXECUTION_CODE><![CDATA[]]></POST_EXECUTION_CODE>
								<ALT_EXECUTION_CODE><![CDATA[]]></ALT_EXECUTION_CODE>
								<ASSERTION_CODE><![CDATA[]]></ASSERTION_CODE>
								<TEARDOWN_CODE><![CDATA[]]></TEARDOWN_CODE>
								<EXCEPTIONS><![CDATA[]]></EXCEPTIONS>
								<PARAMETER_HASH_LIST></PARAMETER_HASH_LIST>
								<GENERATED_ON></GENERATED_ON>
								<IS_SIMPLE>N</IS_SIMPLE>
								<CODE_LOCATION></CODE_LOCATION>
								<DECLARE_PROGRAMS><![CDATA[]]></DECLARE_PROGRAMS>
								<GENERATION_TAG><![CDATA[20100102124041]]></GENERATION_TAG>
								<IS_DYNAMIC>N</IS_DYNAMIC>
								<CORRELATE_VALUES>Y</CORRELATE_VALUES>
								<CONDITIONAL_EXECUTION><![CDATA[]]></CONDITIONAL_EXECUTION>
								<RUN_WHEN_UT_FAILS>Y</RUN_WHEN_UT_FAILS>
								<ROLLBACK_BEFORE>Y</ROLLBACK_BEFORE>
								<ROLLBACK_AFTER>Y</ROLLBACK_AFTER>
								<COMMIT_BEFORE>N</COMMIT_BEFORE>
								<COMMIT_AFTER>N</COMMIT_AFTER>
								<PROFILE_EXECUTION>N</PROFILE_EXECUTION></COLUMNS>
							<INPUTS>
								<QU_INPUT>
									<COLUMNS><UNIVERSAL_ID>{BA6987FC-0EFE-4DEA-A8D2-77D6750DEFE1}</UNIVERSAL_ID><TEST_CASE_GUID>{F9EC1B51-C2A6-42A8-B7B0-3EE9E3D97995}</TEST_CASE_GUID><TEST_ELEMENT_GUID>{63D6EF1E-E582-48D1-B647-72A5900AF8E9}</TEST_ELEMENT_GUID>
										<INTERNAL_VALUE><![CDATA[d]]></INTERNAL_VALUE>
										<EXTERNAL_VALUE><![CDATA['d']]></EXTERNAL_VALUE>
										<IS_EXPRESSION>N</IS_EXPRESSION><ASSIGN_IN_SETUP>N</ASSIGN_IN_SETUP><ARGUMENT_ALIAS>i_SUBSTRING_IN</ARGUMENT_ALIAS>
										<CREATED_ON>2010-01-02T12:37:41</CREATED_ON><CREATED_BY>QCTO19</CREATED_BY><CHANGED_ON>2010-01-02T12:37:41</CHANGED_ON><CHANGED_BY>QCTO19</CHANGED_BY>
										<SETUP_CODE><![CDATA[]]></SETUP_CODE>
										<TEARDOWN_CODE><![CDATA[]]></TEARDOWN_CODE>
										<INTVAL_HDR_GUID></INTVAL_HDR_GUID><USE_DEFAULT_VALUE>N</USE_DEFAULT_VALUE><OT_ATTRIBUTE_GUID></OT_ATTRIBUTE_GUID><USER_EXTENSION></USER_EXTENSION></COLUMNS>
									<ATTRIBUTES>
										<QU_ATTRIBUTES><COLUMNS><PARENT_GUID>{BA6987FC-0EFE-4DEA-A8D2-77D6750DEFE1}</PARENT_GUID><USAGE_TYPE>INPUT</USAGE_TYPE>
												<INTERNAL_VALUE><![CDATA[NULL]]></INTERNAL_VALUE>
												<EXTERNAL_VALUE><![CDATA[]]></EXTERNAL_VALUE>
												<IS_EXPRESSION>N</IS_EXPRESSION><VALUE1_IS_EXPR>N</VALUE1_IS_EXPR><VALUE2_IS_EXPR>N</VALUE2_IS_EXPR><VALUE3_IS_EXPR>N</VALUE3_IS_EXPR><VALUE4_IS_EXPR>N</VALUE4_IS_EXPR><VALUE5_IS_EXPR>N</VALUE5_IS_EXPR><VALUE6_IS_EXPR>N</VALUE6_IS_EXPR><TEST_ELEMENT_GUID>{63D6EF1E-E582-48D1-B647-72A5900AF8E9}</TEST_ELEMENT_GUID><ASSIGN_IN_SETUP>N</ASSIGN_IN_SETUP><ARGUMENT_ALIAS>V305046959</ARGUMENT_ALIAS><NO_LOCAL_DECLARATION>N</NO_LOCAL_DECLARATION><OT_ATTRIBUTE_GUID></OT_ATTRIBUTE_GUID>
												<CREATED_ON>2010-01-02T12:37:41</CREATED_ON><CREATED_BY>QCTO19</CREATED_BY><CHANGED_ON>2010-01-02T12:37:41</CHANGED_ON><CHANGED_BY>QCTO19</CHANGED_BY>
												<DATATYPE_DECLARE>VARCHAR2(32767)</DATATYPE_DECLARE>
												<VALUE1><![CDATA[]]></VALUE1>
												<VALUE2><![CDATA[]]></VALUE2>
												<VALUE3><![CDATA[]]></VALUE3>
												<VALUE4><![CDATA[]]></VALUE4>
												<VALUE5><![CDATA[]]></VALUE5>
												<VALUE6><![CDATA[]]></VALUE6></COLUMNS></QU_ATTRIBUTES>
									</ATTRIBUTES>
								</QU_INPUT>
								<QU_INPUT>
									<COLUMNS><UNIVERSAL_ID>{DFF6F7B0-4251-43EE-AF46-BA2013411E62}</UNIVERSAL_ID><TEST_CASE_GUID>{F9EC1B51-C2A6-42A8-B7B0-3EE9E3D97995}</TEST_CASE_GUID><TEST_ELEMENT_GUID>{10AE1C4B-0DCA-4698-BFA2-7A7590B2585E}</TEST_ELEMENT_GUID>
										<INTERNAL_VALUE><![CDATA[NULL]]></INTERNAL_VALUE>
										<EXTERNAL_VALUE><![CDATA[NULL]]></EXTERNAL_VALUE>
										<IS_EXPRESSION>N</IS_EXPRESSION><ASSIGN_IN_SETUP>N</ASSIGN_IN_SETUP><ARGUMENT_ALIAS>i_STRING_IN</ARGUMENT_ALIAS>
										<CREATED_ON>2010-01-02T12:37:41</CREATED_ON><CREATED_BY>QCTO19</CREATED_BY><CHANGED_ON>2010-01-02T12:37:41</CHANGED_ON><CHANGED_BY>QCTO19</CHANGED_BY>
										<SETUP_CODE><![CDATA[]]></SETUP_CODE>
										<TEARDOWN_CODE><![CDATA[]]></TEARDOWN_CODE>
										<INTVAL_HDR_GUID></INTVAL_HDR_GUID><USE_DEFAULT_VALUE>N</USE_DEFAULT_VALUE><OT_ATTRIBUTE_GUID></OT_ATTRIBUTE_GUID><USER_EXTENSION></USER_EXTENSION></COLUMNS>
									<ATTRIBUTES>
										<QU_ATTRIBUTES><COLUMNS><PARENT_GUID>{DFF6F7B0-4251-43EE-AF46-BA2013411E62}</PARENT_GUID><USAGE_TYPE>INPUT</USAGE_TYPE>
												<INTERNAL_VALUE><![CDATA[NULL]]></INTERNAL_VALUE>
												<EXTERNAL_VALUE><![CDATA[]]></EXTERNAL_VALUE>
												<IS_EXPRESSION>N</IS_EXPRESSION><VALUE1_IS_EXPR>N</VALUE1_IS_EXPR><VALUE2_IS_EXPR>N</VALUE2_IS_EXPR><VALUE3_IS_EXPR>N</VALUE3_IS_EXPR><VALUE4_IS_EXPR>N</VALUE4_IS_EXPR><VALUE5_IS_EXPR>N</VALUE5_IS_EXPR><VALUE6_IS_EXPR>N</VALUE6_IS_EXPR><TEST_ELEMENT_GUID>{10AE1C4B-0DCA-4698-BFA2-7A7590B2585E}</TEST_ELEMENT_GUID><ASSIGN_IN_SETUP>N</ASSIGN_IN_SETUP><ARGUMENT_ALIAS>V167274482</ARGUMENT_ALIAS><NO_LOCAL_DECLARATION>N</NO_LOCAL_DECLARATION><OT_ATTRIBUTE_GUID></OT_ATTRIBUTE_GUID>
												<CREATED_ON>2010-01-02T12:37:41</CREATED_ON><CREATED_BY>QCTO19</CREATED_BY><CHANGED_ON>2010-01-02T12:37:41</CHANGED_ON><CHANGED_BY>QCTO19</CHANGED_BY>
												<DATATYPE_DECLARE>VARCHAR2(32767)</DATATYPE_DECLARE>
												<VALUE1><![CDATA[]]></VALUE1>
												<VALUE2><![CDATA[]]></VALUE2>
												<VALUE3><![CDATA[]]></VALUE3>
												<VALUE4><![CDATA[]]></VALUE4>
												<VALUE5><![CDATA[]]></VALUE5>
												<VALUE6><![CDATA[]]></VALUE6></COLUMNS></QU_ATTRIBUTES>
									</ATTRIBUTES>
								</QU_INPUT>
							</INPUTS>
							<OUTCOMES>
								<QU_OUTCOME>
									<COLUMNS><UNIVERSAL_ID>{417AE09C-4474-467B-9E0D-9162E63FBB7D}</UNIVERSAL_ID><TEST_CASE_GUID>{F9EC1B51-C2A6-42A8-B7B0-3EE9E3D97995}</TEST_CASE_GUID><ASSERTION_TYPE_GUID>{EBB3500B-3545-4CFB-9EBF-AE3EF3A3C1F7}</ASSERTION_TYPE_GUID><NULL_OK>Y</NULL_OK><RAISE_EXCEPTION>N</RAISE_EXCEPTION><CUSTOM_ASSERT_ONLY>N</CUSTOM_ASSERT_ONLY><NAME><![CDATA[Value modified by the program is NULL?]]></NAME><TESTING_STATUS>Y</TESTING_STATUS>
										<CREATED_ON>2010-01-02T12:37:41</CREATED_ON><CREATED_BY>QCTO19</CREATED_BY><CHANGED_ON>2010-01-02T12:40:41</CHANGED_ON><CHANGED_BY>QCTO19</CHANGED_BY>
										<TEMPLATE_GUID>{70D4CCC1-EBD4-433C-A42F-49876EF7A2BE}</TEMPLATE_GUID><DESCRIPTION><![CDATA[]]></DESCRIPTION>
										<ASSERTION_CODE><![CDATA[]]></ASSERTION_CODE>
										<CODE_LOCATION></CODE_LOCATION><DECLARE_PROGRAMS><![CDATA[]]></DECLARE_PROGRAMS>
										<SETUP_CODE><![CDATA[]]></SETUP_CODE>
										<TEARDOWN_CODE><![CDATA[]]></TEARDOWN_CODE><COLUMN_SET_GUID></COLUMN_SET_GUID><INTVAL_HDR_GUID></INTVAL_HDR_GUID><USER_EXTENSION></USER_EXTENSION></COLUMNS>
									<ATTRIBUTES>
										<QU_ATTRIBUTES><COLUMNS><PARENT_GUID>{417AE09C-4474-467B-9E0D-9162E63FBB7D}</PARENT_GUID><USAGE_TYPE>CONTROL</USAGE_TYPE>
												<INTERNAL_VALUE><![CDATA[]]></INTERNAL_VALUE>
												<EXTERNAL_VALUE><![CDATA[]]></EXTERNAL_VALUE>
												<IS_EXPRESSION>N</IS_EXPRESSION><VALUE1_IS_EXPR>N</VALUE1_IS_EXPR><VALUE2_IS_EXPR>N</VALUE2_IS_EXPR><VALUE3_IS_EXPR>N</VALUE3_IS_EXPR><VALUE4_IS_EXPR>N</VALUE4_IS_EXPR><VALUE5_IS_EXPR>N</VALUE5_IS_EXPR><VALUE6_IS_EXPR>N</VALUE6_IS_EXPR><TEST_ELEMENT_GUID></TEST_ELEMENT_GUID><ASSIGN_IN_SETUP>N</ASSIGN_IN_SETUP><ARGUMENT_ALIAS>V646204230</ARGUMENT_ALIAS><NO_LOCAL_DECLARATION>N</NO_LOCAL_DECLARATION><OT_ATTRIBUTE_GUID></OT_ATTRIBUTE_GUID>
												<CREATED_ON>2010-01-02T12:37:42</CREATED_ON><CREATED_BY>QCTO19</CREATED_BY><CHANGED_ON>2010-01-02T12:40:41</CHANGED_ON><CHANGED_BY>QCTO19</CHANGED_BY>
												<DATATYPE_DECLARE></DATATYPE_DECLARE>
												<VALUE1><![CDATA[]]></VALUE1>
												<VALUE2><![CDATA[]]></VALUE2>
												<VALUE3><![CDATA[]]></VALUE3>
												<VALUE4><![CDATA[]]></VALUE4>
												<VALUE5><![CDATA[]]></VALUE5>
												<VALUE6><![CDATA[]]></VALUE6></COLUMNS></QU_ATTRIBUTES>
										<QU_ATTRIBUTES><COLUMNS><PARENT_GUID>{417AE09C-4474-467B-9E0D-9162E63FBB7D}</PARENT_GUID><USAGE_TYPE>RESULT</USAGE_TYPE>
												<INTERNAL_VALUE><![CDATA[NULL]]></INTERNAL_VALUE>
												<EXTERNAL_VALUE><![CDATA[NULL]]></EXTERNAL_VALUE>
												<IS_EXPRESSION>N</IS_EXPRESSION><VALUE1_IS_EXPR>N</VALUE1_IS_EXPR><VALUE2_IS_EXPR>N</VALUE2_IS_EXPR><VALUE3_IS_EXPR>N</VALUE3_IS_EXPR><VALUE4_IS_EXPR>N</VALUE4_IS_EXPR><VALUE5_IS_EXPR>N</VALUE5_IS_EXPR><VALUE6_IS_EXPR>N</VALUE6_IS_EXPR><TEST_ELEMENT_GUID>{E7EDE620-BC66-4374-84B0-FB487EB83C16}</TEST_ELEMENT_GUID><ASSIGN_IN_SETUP>N</ASSIGN_IN_SETUP><ARGUMENT_ALIAS>Q##function_return_value</ARGUMENT_ALIAS><NO_LOCAL_DECLARATION>N</NO_LOCAL_DECLARATION><OT_ATTRIBUTE_GUID></OT_ATTRIBUTE_GUID>
												<CREATED_ON>2010-01-02T12:37:41</CREATED_ON><CREATED_BY>QCTO19</CREATED_BY><CHANGED_ON>2010-01-02T12:40:41</CHANGED_ON><CHANGED_BY>QCTO19</CHANGED_BY>
												<DATATYPE_DECLARE>PLS_INTEGER</DATATYPE_DECLARE>
												<VALUE1><![CDATA[]]></VALUE1>
												<VALUE2><![CDATA[]]></VALUE2>
												<VALUE3><![CDATA[]]></VALUE3>
												<VALUE4><![CDATA[]]></VALUE4>
												<VALUE5><![CDATA[]]></VALUE5>
												<VALUE6><![CDATA[]]></VALUE6></COLUMNS></QU_ATTRIBUTES>
									</ATTRIBUTES>
								</QU_OUTCOME>
							</OUTCOMES>
							<CODE_COVERAGE>
							</CODE_COVERAGE>
						</QU_TEST_CASE>
						<QU_TEST_CASE>
							<COLUMNS><UNIVERSAL_ID>{3B73D038-48EB-4016-B205-04852DF60A6D}</UNIVERSAL_ID>
								<UNIT_TEST_GUID>{1AAB4969-50CD-45CF-8DE2-D504874D096A}</UNIT_TEST_GUID>
								<NAME><![CDATA[Nothing found]]></NAME>
								<DESCRIPTION><![CDATA[]]></DESCRIPTION>
								<REQUIREMENT><![CDATA[]]></REQUIREMENT>
								<TESTING_STATUS>Y</TESTING_STATUS>
								<PROGRAM_NAME><![CDATA[Q##NOTHING_FOUND]]></PROGRAM_NAME>
								<EXCEPTION_ON_FAILURE></EXCEPTION_ON_FAILURE>
								<CREATED_ON>2010-01-02T12:37:41</CREATED_ON>
								<CREATED_BY>QCTO19</CREATED_BY>
								<CHANGED_ON>2010-01-02T12:37:41</CHANGED_ON>
								<CHANGED_BY>QCTO19</CHANGED_BY>
								<DECLARATIONS><![CDATA[]]></DECLARATIONS>
								<SETUP_CODE><![CDATA[]]></SETUP_CODE>
								<PRE_EXECUTION_CODE><![CDATA[]]></PRE_EXECUTION_CODE>
								<POST_EXECUTION_CODE><![CDATA[]]></POST_EXECUTION_CODE>
								<ALT_EXECUTION_CODE><![CDATA[]]></ALT_EXECUTION_CODE>
								<ASSERTION_CODE><![CDATA[]]></ASSERTION_CODE>
								<TEARDOWN_CODE><![CDATA[]]></TEARDOWN_CODE>
								<EXCEPTIONS><![CDATA[]]></EXCEPTIONS>
								<PARAMETER_HASH_LIST></PARAMETER_HASH_LIST>
								<GENERATED_ON></GENERATED_ON>
								<IS_SIMPLE>N</IS_SIMPLE>
								<CODE_LOCATION></CODE_LOCATION>
								<DECLARE_PROGRAMS><![CDATA[]]></DECLARE_PROGRAMS>
								<GENERATION_TAG><![CDATA[20100102123740]]></GENERATION_TAG>
								<IS_DYNAMIC>N</IS_DYNAMIC>
								<CORRELATE_VALUES>Y</CORRELATE_VALUES>
								<CONDITIONAL_EXECUTION><![CDATA[]]></CONDITIONAL_EXECUTION>
								<RUN_WHEN_UT_FAILS>Y</RUN_WHEN_UT_FAILS>
								<ROLLBACK_BEFORE>Y</ROLLBACK_BEFORE>
								<ROLLBACK_AFTER>Y</ROLLBACK_AFTER>
								<COMMIT_BEFORE>N</COMMIT_BEFORE>
								<COMMIT_AFTER>N</COMMIT_AFTER>
								<PROFILE_EXECUTION>N</PROFILE_EXECUTION></COLUMNS>
							<INPUTS>
								<QU_INPUT>
									<COLUMNS><UNIVERSAL_ID>{7A16AD34-1F1E-443E-A0D1-327E55558C0C}</UNIVERSAL_ID><TEST_CASE_GUID>{3B73D038-48EB-4016-B205-04852DF60A6D}</TEST_CASE_GUID><TEST_ELEMENT_GUID>{10AE1C4B-0DCA-4698-BFA2-7A7590B2585E}</TEST_ELEMENT_GUID>
										<INTERNAL_VALUE><![CDATA[abcabc]]></INTERNAL_VALUE>
										<EXTERNAL_VALUE><![CDATA['abcabc']]></EXTERNAL_VALUE>
										<IS_EXPRESSION>N</IS_EXPRESSION><ASSIGN_IN_SETUP>N</ASSIGN_IN_SETUP><ARGUMENT_ALIAS>i_STRING_IN</ARGUMENT_ALIAS>
										<CREATED_ON>2010-01-02T12:37:41</CREATED_ON><CREATED_BY>QCTO19</CREATED_BY><CHANGED_ON>2010-01-02T12:37:41</CHANGED_ON><CHANGED_BY>QCTO19</CHANGED_BY>
										<SETUP_CODE><![CDATA[]]></SETUP_CODE>
										<TEARDOWN_CODE><![CDATA[]]></TEARDOWN_CODE>
										<INTVAL_HDR_GUID></INTVAL_HDR_GUID><USE_DEFAULT_VALUE>N</USE_DEFAULT_VALUE><OT_ATTRIBUTE_GUID></OT_ATTRIBUTE_GUID><USER_EXTENSION></USER_EXTENSION></COLUMNS>
									<ATTRIBUTES>
										<QU_ATTRIBUTES><COLUMNS><PARENT_GUID>{7A16AD34-1F1E-443E-A0D1-327E55558C0C}</PARENT_GUID><USAGE_TYPE>INPUT</USAGE_TYPE>
												<INTERNAL_VALUE><![CDATA[NULL]]></INTERNAL_VALUE>
												<EXTERNAL_VALUE><![CDATA[]]></EXTERNAL_VALUE>
												<IS_EXPRESSION>N</IS_EXPRESSION><VALUE1_IS_EXPR>N</VALUE1_IS_EXPR><VALUE2_IS_EXPR>N</VALUE2_IS_EXPR><VALUE3_IS_EXPR>N</VALUE3_IS_EXPR><VALUE4_IS_EXPR>N</VALUE4_IS_EXPR><VALUE5_IS_EXPR>N</VALUE5_IS_EXPR><VALUE6_IS_EXPR>N</VALUE6_IS_EXPR><TEST_ELEMENT_GUID>{10AE1C4B-0DCA-4698-BFA2-7A7590B2585E}</TEST_ELEMENT_GUID><ASSIGN_IN_SETUP>N</ASSIGN_IN_SETUP><ARGUMENT_ALIAS>V134700131</ARGUMENT_ALIAS><NO_LOCAL_DECLARATION>N</NO_LOCAL_DECLARATION><OT_ATTRIBUTE_GUID></OT_ATTRIBUTE_GUID>
												<CREATED_ON>2010-01-02T12:37:41</CREATED_ON><CREATED_BY>QCTO19</CREATED_BY><CHANGED_ON>2010-01-02T12:37:41</CHANGED_ON><CHANGED_BY>QCTO19</CHANGED_BY>
												<DATATYPE_DECLARE>VARCHAR2(32767)</DATATYPE_DECLARE>
												<VALUE1><![CDATA[]]></VALUE1>
												<VALUE2><![CDATA[]]></VALUE2>
												<VALUE3><![CDATA[]]></VALUE3>
												<VALUE4><![CDATA[]]></VALUE4>
												<VALUE5><![CDATA[]]></VALUE5>
												<VALUE6><![CDATA[]]></VALUE6></COLUMNS></QU_ATTRIBUTES>
									</ATTRIBUTES>
								</QU_INPUT>
								<QU_INPUT>
									<COLUMNS><UNIVERSAL_ID>{105C4F59-4BBF-4D5F-A916-11908075A125}</UNIVERSAL_ID><TEST_CASE_GUID>{3B73D038-48EB-4016-B205-04852DF60A6D}</TEST_CASE_GUID><TEST_ELEMENT_GUID>{63D6EF1E-E582-48D1-B647-72A5900AF8E9}</TEST_ELEMENT_GUID>
										<INTERNAL_VALUE><![CDATA[d]]></INTERNAL_VALUE>
										<EXTERNAL_VALUE><![CDATA['d']]></EXTERNAL_VALUE>
										<IS_EXPRESSION>N</IS_EXPRESSION><ASSIGN_IN_SETUP>N</ASSIGN_IN_SETUP><ARGUMENT_ALIAS>i_SUBSTRING_IN</ARGUMENT_ALIAS>
										<CREATED_ON>2010-01-02T12:37:41</CREATED_ON><CREATED_BY>QCTO19</CREATED_BY><CHANGED_ON>2010-01-02T12:37:41</CHANGED_ON><CHANGED_BY>QCTO19</CHANGED_BY>
										<SETUP_CODE><![CDATA[]]></SETUP_CODE>
										<TEARDOWN_CODE><![CDATA[]]></TEARDOWN_CODE>
										<INTVAL_HDR_GUID></INTVAL_HDR_GUID><USE_DEFAULT_VALUE>N</USE_DEFAULT_VALUE><OT_ATTRIBUTE_GUID></OT_ATTRIBUTE_GUID><USER_EXTENSION></USER_EXTENSION></COLUMNS>
									<ATTRIBUTES>
										<QU_ATTRIBUTES><COLUMNS><PARENT_GUID>{105C4F59-4BBF-4D5F-A916-11908075A125}</PARENT_GUID><USAGE_TYPE>INPUT</USAGE_TYPE>
												<INTERNAL_VALUE><![CDATA[NULL]]></INTERNAL_VALUE>
												<EXTERNAL_VALUE><![CDATA[]]></EXTERNAL_VALUE>
												<IS_EXPRESSION>N</IS_EXPRESSION><VALUE1_IS_EXPR>N</VALUE1_IS_EXPR><VALUE2_IS_EXPR>N</VALUE2_IS_EXPR><VALUE3_IS_EXPR>N</VALUE3_IS_EXPR><VALUE4_IS_EXPR>N</VALUE4_IS_EXPR><VALUE5_IS_EXPR>N</VALUE5_IS_EXPR><VALUE6_IS_EXPR>N</VALUE6_IS_EXPR><TEST_ELEMENT_GUID>{63D6EF1E-E582-48D1-B647-72A5900AF8E9}</TEST_ELEMENT_GUID><ASSIGN_IN_SETUP>N</ASSIGN_IN_SETUP><ARGUMENT_ALIAS>V685902707</ARGUMENT_ALIAS><NO_LOCAL_DECLARATION>N</NO_LOCAL_DECLARATION><OT_ATTRIBUTE_GUID></OT_ATTRIBUTE_GUID>
												<CREATED_ON>2010-01-02T12:37:41</CREATED_ON><CREATED_BY>QCTO19</CREATED_BY><CHANGED_ON>2010-01-02T12:37:41</CHANGED_ON><CHANGED_BY>QCTO19</CHANGED_BY>
												<DATATYPE_DECLARE>VARCHAR2(32767)</DATATYPE_DECLARE>
												<VALUE1><![CDATA[]]></VALUE1>
												<VALUE2><![CDATA[]]></VALUE2>
												<VALUE3><![CDATA[]]></VALUE3>
												<VALUE4><![CDATA[]]></VALUE4>
												<VALUE5><![CDATA[]]></VALUE5>
												<VALUE6><![CDATA[]]></VALUE6></COLUMNS></QU_ATTRIBUTES>
									</ATTRIBUTES>
								</QU_INPUT>
							</INPUTS>
							<OUTCOMES>
								<QU_OUTCOME>
									<COLUMNS><UNIVERSAL_ID>{C4EA5D69-9FE0-4407-BA52-34B41D6DFB7C}</UNIVERSAL_ID><TEST_CASE_GUID>{3B73D038-48EB-4016-B205-04852DF60A6D}</TEST_CASE_GUID><ASSERTION_TYPE_GUID>{43E3B49A-0877-4F51-9526-DCBF345F1563}</ASSERTION_TYPE_GUID><NULL_OK>Y</NULL_OK><RAISE_EXCEPTION>N</RAISE_EXCEPTION><CUSTOM_ASSERT_ONLY>N</CUSTOM_ASSERT_ONLY><NAME><![CDATA[Scalar is equal to the expected value?]]></NAME><TESTING_STATUS>Y</TESTING_STATUS>
										<CREATED_ON>2010-01-02T12:37:41</CREATED_ON><CREATED_BY>QCTO19</CREATED_BY><CHANGED_ON>2010-01-02T12:37:41</CHANGED_ON><CHANGED_BY>QCTO19</CHANGED_BY>
										<TEMPLATE_GUID>{25499982-A764-42F8-9A6F-C3E416CD3655}</TEMPLATE_GUID><DESCRIPTION><![CDATA[]]></DESCRIPTION>
										<ASSERTION_CODE><![CDATA[]]></ASSERTION_CODE>
										<CODE_LOCATION></CODE_LOCATION><DECLARE_PROGRAMS><![CDATA[]]></DECLARE_PROGRAMS>
										<SETUP_CODE><![CDATA[]]></SETUP_CODE>
										<TEARDOWN_CODE><![CDATA[]]></TEARDOWN_CODE><COLUMN_SET_GUID></COLUMN_SET_GUID><INTVAL_HDR_GUID></INTVAL_HDR_GUID><USER_EXTENSION></USER_EXTENSION></COLUMNS>
									<ATTRIBUTES>
										<QU_ATTRIBUTES><COLUMNS><PARENT_GUID>{C4EA5D69-9FE0-4407-BA52-34B41D6DFB7C}</PARENT_GUID><USAGE_TYPE>CONTROL</USAGE_TYPE>
												<INTERNAL_VALUE><![CDATA[0]]></INTERNAL_VALUE>
												<EXTERNAL_VALUE><![CDATA[0]]></EXTERNAL_VALUE>
												<IS_EXPRESSION>N</IS_EXPRESSION><VALUE1_IS_EXPR>N</VALUE1_IS_EXPR><VALUE2_IS_EXPR>N</VALUE2_IS_EXPR><VALUE3_IS_EXPR>N</VALUE3_IS_EXPR><VALUE4_IS_EXPR>N</VALUE4_IS_EXPR><VALUE5_IS_EXPR>N</VALUE5_IS_EXPR><VALUE6_IS_EXPR>N</VALUE6_IS_EXPR><TEST_ELEMENT_GUID>{E7EDE620-BC66-4374-84B0-FB487EB83C16}</TEST_ELEMENT_GUID><ASSIGN_IN_SETUP>N</ASSIGN_IN_SETUP><ARGUMENT_ALIAS>e_Function_return_value1</ARGUMENT_ALIAS><NO_LOCAL_DECLARATION>N</NO_LOCAL_DECLARATION><OT_ATTRIBUTE_GUID></OT_ATTRIBUTE_GUID>
												<CREATED_ON>2010-01-02T12:37:41</CREATED_ON><CREATED_BY>QCTO19</CREATED_BY><CHANGED_ON>2010-01-02T12:37:41</CHANGED_ON><CHANGED_BY>QCTO19</CHANGED_BY>
												<DATATYPE_DECLARE>PLS_INTEGER</DATATYPE_DECLARE>
												<VALUE1><![CDATA[]]></VALUE1>
												<VALUE2><![CDATA[]]></VALUE2>
												<VALUE3><![CDATA[]]></VALUE3>
												<VALUE4><![CDATA[]]></VALUE4>
												<VALUE5><![CDATA[]]></VALUE5>
												<VALUE6><![CDATA[]]></VALUE6></COLUMNS></QU_ATTRIBUTES>
										<QU_ATTRIBUTES><COLUMNS><PARENT_GUID>{C4EA5D69-9FE0-4407-BA52-34B41D6DFB7C}</PARENT_GUID><USAGE_TYPE>RESULT</USAGE_TYPE>
												<INTERNAL_VALUE><![CDATA[NULL]]></INTERNAL_VALUE>
												<EXTERNAL_VALUE><![CDATA[NULL]]></EXTERNAL_VALUE>
												<IS_EXPRESSION>N</IS_EXPRESSION><VALUE1_IS_EXPR>N</VALUE1_IS_EXPR><VALUE2_IS_EXPR>N</VALUE2_IS_EXPR><VALUE3_IS_EXPR>N</VALUE3_IS_EXPR><VALUE4_IS_EXPR>N</VALUE4_IS_EXPR><VALUE5_IS_EXPR>N</VALUE5_IS_EXPR><VALUE6_IS_EXPR>N</VALUE6_IS_EXPR><TEST_ELEMENT_GUID>{E7EDE620-BC66-4374-84B0-FB487EB83C16}</TEST_ELEMENT_GUID><ASSIGN_IN_SETUP>N</ASSIGN_IN_SETUP><ARGUMENT_ALIAS>Q##function_return_value</ARGUMENT_ALIAS><NO_LOCAL_DECLARATION>N</NO_LOCAL_DECLARATION><OT_ATTRIBUTE_GUID></OT_ATTRIBUTE_GUID>
												<CREATED_ON>2010-01-02T12:37:41</CREATED_ON><CREATED_BY>QCTO19</CREATED_BY><CHANGED_ON>2010-01-02T12:37:41</CHANGED_ON><CHANGED_BY>QCTO19</CHANGED_BY>
												<DATATYPE_DECLARE>PLS_INTEGER</DATATYPE_DECLARE>
												<VALUE1><![CDATA[]]></VALUE1>
												<VALUE2><![CDATA[]]></VALUE2>
												<VALUE3><![CDATA[]]></VALUE3>
												<VALUE4><![CDATA[]]></VALUE4>
												<VALUE5><![CDATA[]]></VALUE5>
												<VALUE6><![CDATA[]]></VALUE6></COLUMNS></QU_ATTRIBUTES>
									</ATTRIBUTES>
								</QU_OUTCOME>
							</OUTCOMES>
							<CODE_COVERAGE>
							</CODE_COVERAGE>
						</QU_TEST_CASE>
					</TEST_CASES>
				</QU_UNIT_TEST>
			</UNIT_TESTS>
		</QU_HARNESS>
	</TEST_DEFINITIONS>
</QCTO_EXPORT>
