<QCTO_EXPORT>
	<!--
To avoid parsing errors with nested CDATA tags, we have performed replacements
as follows:
   {7F90763C-0E3B-4EDB-9901-25FFC60D4CE3} is used in place of the CDATA text that starts the section
   {73216B1F-624F-4707-9F5B-7F9E5FC13A2C} is used in place of the double closed square brackets used to end the section
If you want to work with a nested XML fragment directly from this file, you
may need to reverse these changes. 
-->
	<QCTO_EXPORT_HEADER>
		<QCTO_VERSION>1.9.0.484</QCTO_VERSION>
		<TIMESTAMP_FORMAT>YYYY-MM-DD"T"HH24:MI:SS</TIMESTAMP_FORMAT>
		<CREATED_ON>2009-12-24T17:00:02</CREATED_ON>
		<CREATED_BY>QCTO19</CREATED_BY>
		<EXPORT_TYPE>HARNESS</EXPORT_TYPE>
	</QCTO_EXPORT_HEADER>
	<TEST_DEFINITIONS>
		<QU_HARNESS>
			<COLUMNS><UNIVERSAL_ID>{6B550ADD-4373-4AC3-89B8-A358F05803D2}</UNIVERSAL_ID><HARNESS_OWNER>QCTO19</HARNESS_OWNER><NAME><![CDATA[Q##QRT#HOOK_DRIVER]]></NAME>
				<DESCRIPTION><![CDATA[This is the order in which the hook inserts SHOULD be made:

1  my_codetester.pre_test 
2  my_codetester.pre_compile 
3  my_codetester.post_compile
4  TD setup
5  my_codetester.pre_unit_test 
6  UT setup 
7  my_codetester.pre_test_case 
8  TC setup 
9  TC pre exec
10 TC post exec
11 TC teardown 
12 my_codetester.post_test_case 
13 UT teardown
14 my_codetester.post_unit_test
15 TD teardown 
16 my_codetester.post_test]]></DESCRIPTION>
				<TEST_ENGINE_TYPE>QuestCodeTesterOracle</TEST_ENGINE_TYPE><HARNESS_TYPE>PACKAGE</HARNESS_TYPE><PROGRAM_OWNER>QCTO19</PROGRAM_OWNER><PROGRAM_NAME><![CDATA[QRT#HOOK_DRIVER]]></PROGRAM_NAME><PROGRAM_TYPE>PROCEDURE</PROGRAM_TYPE><PREFIX>Q##</PREFIX><SUFFIX></SUFFIX><IS_TEST_HARNESS>N</IS_TEST_HARNESS>
				<EXT_SETUP_CODE><![CDATA[]]></EXT_SETUP_CODE>
				<EXT_TEARDOWN_CODE><![CDATA[]]></EXT_TEARDOWN_CODE>
				<SPEC_CODE><![CDATA[]]></SPEC_CODE>
				<BODY_CODE><![CDATA[]]></BODY_CODE>
				<IS_EXAMPLE>N</IS_EXAMPLE>
				<DEFINITION_STATUS>Under Development</DEFINITION_STATUS>
				<CREATED_ON>2009-12-24T13:04:45</CREATED_ON><CREATED_BY>QCTO19</CREATED_BY><CHANGED_ON>2009-12-24T16:58:17</CHANGED_ON><CHANGED_BY>QCTO19</CHANGED_BY>
				<DECLARATIONS><![CDATA[]]></DECLARATIONS>
				<SETUP_CODE><![CDATA[  qrt#hook_record ('TD_SETUP', 3);]]></SETUP_CODE>
				<TEARDOWN_CODE><![CDATA[  qrt#hook_record ('TD_TEARDOWN', 15);]]></TEARDOWN_CODE>
				<IS_LOCKED>N</IS_LOCKED>
				<EXT_TC_EXEC_CODE><![CDATA[]]></EXT_TC_EXEC_CODE>
				<LAST_RUN_STATUS></LAST_RUN_STATUS><PROGRAM_STATUS></PROGRAM_STATUS><TEST_CODE_STATUS></TEST_CODE_STATUS><TEST_CODE_CURRENT><![CDATA[]]></TEST_CODE_CURRENT><TEST_DEFINITION_CURRENT><![CDATA[]]></TEST_DEFINITION_CURRENT>
				<DECLARE_PROGRAMS><![CDATA[]]></DECLARE_PROGRAMS>
				<LAST_RUN_ON>2009-12-24T16:55:56</LAST_RUN_ON>
				<PRIVATE_DECLARATIONS><![CDATA[]]></PRIVATE_DECLARATIONS>
				<PRIVATE_DECLARE_PROGRAMS><![CDATA[]]></PRIVATE_DECLARE_PROGRAMS>
				<INVOKER_RIGHTS></INVOKER_RIGHTS><PROFILE_EXECUTION>N</PROFILE_EXECUTION><USE_NAMED_NOTATION>Y</USE_NAMED_NOTATION><RANDOM_EXECUTION>N</RANDOM_EXECUTION><ATTRIBUTE_COUNT></ATTRIBUTE_COUNT><METHODS_COUNT></METHODS_COUNT><PREDEFINED></PREDEFINED><INCOMPLETE></INCOMPLETE><FINAL></FINAL><INSTANTIABLE></INSTANTIABLE><SUPERTYPE_OWNER></SUPERTYPE_OWNER><SUPERTYPE_NAME></SUPERTYPE_NAME></COLUMNS>
			<TEST_DATA_GROUPS>
			</TEST_DATA_GROUPS>
			<OT_ATTRIBUTES>
			</OT_ATTRIBUTES>
			<UNIT_TESTS>
				<QU_UNIT_TEST>
					<COLUMNS><UNIVERSAL_ID>{D36D356E-11E0-47BD-B93F-A3519881EF71}</UNIVERSAL_ID><HARNESS_GUID>{6B550ADD-4373-4AC3-89B8-A358F05803D2}</HARNESS_GUID><NAME><![CDATA[QRT#HOOK_DRIVER (Procedure)]]></NAME>
						<DESCRIPTION><![CDATA[Unit test for "QRT#HOOK_DRIVER"]]></DESCRIPTION>
						<PROGRAM_NAME><![CDATA[QRT#HOOK_DRIVER]]></PROGRAM_NAME><PROGRAM_TYPE>PROCEDURE</PROGRAM_TYPE><OVERLOAD></OVERLOAD><UT_PROGRAM_NAME><![CDATA[Q##QRT#HOOK_DRIVER]]></UT_PROGRAM_NAME><TESTING_STATUS>Y</TESTING_STATUS><EXCEPTION_ON_FAILURE></EXCEPTION_ON_FAILURE>
						<CREATED_ON>2009-12-24T13:04:46</CREATED_ON><CREATED_BY>QCTO19</CREATED_BY><CHANGED_ON>2009-12-24T16:58:16</CHANGED_ON><CHANGED_BY>QCTO19</CHANGED_BY>
						<DECLARATIONS><![CDATA[]]></DECLARATIONS>
						<SETUP_CODE><![CDATA[ qrt#hook_record ('UT_SETUP', 6);]]></SETUP_CODE>
						<TEARDOWN_CODE><![CDATA[qrt#hook_record ('UT_TEARDOWN', 13);]]></TEARDOWN_CODE>
						<EXCEPTIONS><![CDATA[]]></EXCEPTIONS>
						<DECLARE_PROGRAMS><![CDATA[]]></DECLARE_PROGRAMS>
						<CONDITIONAL_EXECUTION><![CDATA[]]></CONDITIONAL_EXECUTION>
						<PROFILE_EXECUTION>N</PROFILE_EXECUTION><RANDOM_EXECUTION>N</RANDOM_EXECUTION><METHOD_NAME></METHOD_NAME><METHOD_NO></METHOD_NO><METHOD_TYPE></METHOD_TYPE><METHOD_DESCRIPTOR></METHOD_DESCRIPTOR><PARAMETERS></PARAMETERS>
						<RESULTS></RESULTS><FINAL></FINAL><INSTANTIABLE></INSTANTIABLE><OVERRIDING></OVERRIDING><INHERITED></INHERITED><START_LINE></START_LINE><END_LINE></END_LINE><CODE_COVERAGE_GOAL></CODE_COVERAGE_GOAL></COLUMNS>
					<TEST_ELEMENTS>
					</TEST_ELEMENTS>
					<TEST_CASES>
						<QU_TEST_CASE>
							<COLUMNS><UNIVERSAL_ID>{6EF281D5-50B6-47FD-8B71-CA9DDCE76DF6}</UNIVERSAL_ID>
								<UNIT_TEST_GUID>{D36D356E-11E0-47BD-B93F-A3519881EF71}</UNIT_TEST_GUID>
								<NAME><![CDATA[Create hooks for all of the sections and then run it.]]></NAME>
								<DESCRIPTION><![CDATA[Just run through all the hook points and cust points, recording each step. The actual verification will take place with the QRT#HOOK_VERIFY test.]]></DESCRIPTION>
								<REQUIREMENT><![CDATA[]]></REQUIREMENT>
								<TESTING_STATUS>Y</TESTING_STATUS>
								<PROGRAM_NAME><![CDATA[Q##CREATE_HOOKS_FOR_ALL_OF_THE]]></PROGRAM_NAME>
								<EXCEPTION_ON_FAILURE></EXCEPTION_ON_FAILURE>
								<CREATED_ON>2009-12-24T13:53:41</CREATED_ON>
								<CREATED_BY>QCTO19</CREATED_BY>
								<CHANGED_ON>2009-12-24T16:48:54</CHANGED_ON>
								<CHANGED_BY>QCTO19</CHANGED_BY>
								<DECLARATIONS><![CDATA[]]></DECLARATIONS>
								<SETUP_CODE><![CDATA[qrt#hook_Record ('TC_SETUP', 8);]]></SETUP_CODE>
								<PRE_EXECUTION_CODE><![CDATA[   qrt#hook_Record ('TC_PRE_EXEC', 9);]]></PRE_EXECUTION_CODE>
								<POST_EXECUTION_CODE><![CDATA[   qrt#hook_Record ('TC_POST_EXEC', 10);]]></POST_EXECUTION_CODE>
								<ALT_EXECUTION_CODE><![CDATA[]]></ALT_EXECUTION_CODE>
								<ASSERTION_CODE><![CDATA[]]></ASSERTION_CODE>
								<TEARDOWN_CODE><![CDATA[qrt#hook_Record ('TC_TEARDOWN', 11);]]></TEARDOWN_CODE>
								<EXCEPTIONS><![CDATA[]]></EXCEPTIONS>
								<PARAMETER_HASH_LIST></PARAMETER_HASH_LIST>
								<GENERATED_ON></GENERATED_ON>
								<IS_SIMPLE>N</IS_SIMPLE>
								<CODE_LOCATION></CODE_LOCATION>
								<DECLARE_PROGRAMS><![CDATA[]]></DECLARE_PROGRAMS>
								<GENERATION_TAG><![CDATA[20091224135341]]></GENERATION_TAG>
								<IS_DYNAMIC>N</IS_DYNAMIC>
								<CORRELATE_VALUES>Y</CORRELATE_VALUES>
								<CONDITIONAL_EXECUTION><![CDATA[]]></CONDITIONAL_EXECUTION>
								<RUN_WHEN_UT_FAILS>Y</RUN_WHEN_UT_FAILS>
								<ROLLBACK_BEFORE>Y</ROLLBACK_BEFORE>
								<ROLLBACK_AFTER>Y</ROLLBACK_AFTER>
								<COMMIT_BEFORE>N</COMMIT_BEFORE>
								<COMMIT_AFTER>N</COMMIT_AFTER>
								<PROFILE_EXECUTION>N</PROFILE_EXECUTION></COLUMNS>
							<INPUTS>
							</INPUTS>
							<OUTCOMES>
								<QU_OUTCOME>
									<COLUMNS><UNIVERSAL_ID>{D0F33B32-E5BF-41CF-A8E2-EB540934D65B}</UNIVERSAL_ID><TEST_CASE_GUID>{6EF281D5-50B6-47FD-8B71-CA9DDCE76DF6}</TEST_CASE_GUID><ASSERTION_TYPE_GUID>{19E74AAE-E5E0-4FAC-B30D-7008658BA4C0}</ASSERTION_TYPE_GUID><NULL_OK>Y</NULL_OK><RAISE_EXCEPTION>N</RAISE_EXCEPTION><CUSTOM_ASSERT_ONLY>N</CUSTOM_ASSERT_ONLY><NAME><![CDATA[Elapsed time for the program is within your limit?]]></NAME><TESTING_STATUS>Y</TESTING_STATUS>
										<CREATED_ON>2009-12-24T13:53:41</CREATED_ON><CREATED_BY>QCTO19</CREATED_BY><CHANGED_ON>2009-12-24T13:53:41</CHANGED_ON><CHANGED_BY>QCTO19</CHANGED_BY>
										<TEMPLATE_GUID>{BB884EBC-86AE-4F0C-BD02-FB42D1523846}</TEMPLATE_GUID><DESCRIPTION><![CDATA[]]></DESCRIPTION>
										<ASSERTION_CODE><![CDATA[]]></ASSERTION_CODE>
										<CODE_LOCATION></CODE_LOCATION><DECLARE_PROGRAMS><![CDATA[]]></DECLARE_PROGRAMS>
										<SETUP_CODE><![CDATA[]]></SETUP_CODE>
										<TEARDOWN_CODE><![CDATA[]]></TEARDOWN_CODE><COLUMN_SET_GUID></COLUMN_SET_GUID><INTVAL_HDR_GUID></INTVAL_HDR_GUID><USER_EXTENSION></USER_EXTENSION></COLUMNS>
									<ATTRIBUTES>
										<QU_ATTRIBUTES><COLUMNS><PARENT_GUID>{D0F33B32-E5BF-41CF-A8E2-EB540934D65B}</PARENT_GUID><USAGE_TYPE>CONTROL</USAGE_TYPE>
												<INTERNAL_VALUE><![CDATA[1000]]></INTERNAL_VALUE>
												<EXTERNAL_VALUE><![CDATA[1000]]></EXTERNAL_VALUE>
												<IS_EXPRESSION>N</IS_EXPRESSION><VALUE1_IS_EXPR>N</VALUE1_IS_EXPR><VALUE2_IS_EXPR>N</VALUE2_IS_EXPR><VALUE3_IS_EXPR>N</VALUE3_IS_EXPR><VALUE4_IS_EXPR>N</VALUE4_IS_EXPR><VALUE5_IS_EXPR>N</VALUE5_IS_EXPR><VALUE6_IS_EXPR>N</VALUE6_IS_EXPR><TEST_ELEMENT_GUID>{36A3C55A-F0E7-406E-B5E4-A200C4540F85}</TEST_ELEMENT_GUID><ASSIGN_IN_SETUP>N</ASSIGN_IN_SETUP><ARGUMENT_ALIAS>e_Elapsed_Time</ARGUMENT_ALIAS><NO_LOCAL_DECLARATION>N</NO_LOCAL_DECLARATION><OT_ATTRIBUTE_GUID></OT_ATTRIBUTE_GUID>
												<CREATED_ON>2009-12-24T13:53:41</CREATED_ON><CREATED_BY>QCTO19</CREATED_BY><CHANGED_ON>2009-12-24T13:53:41</CHANGED_ON><CHANGED_BY>QCTO19</CHANGED_BY>
												<DATATYPE_DECLARE>PLS_INTEGER</DATATYPE_DECLARE>
												<VALUE1><![CDATA[]]></VALUE1>
												<VALUE2><![CDATA[]]></VALUE2>
												<VALUE3><![CDATA[]]></VALUE3>
												<VALUE4><![CDATA[]]></VALUE4>
												<VALUE5><![CDATA[]]></VALUE5>
												<VALUE6><![CDATA[]]></VALUE6></COLUMNS></QU_ATTRIBUTES>
										<QU_ATTRIBUTES><COLUMNS><PARENT_GUID>{D0F33B32-E5BF-41CF-A8E2-EB540934D65B}</PARENT_GUID><USAGE_TYPE>RESULT</USAGE_TYPE>
												<INTERNAL_VALUE><![CDATA[NULL]]></INTERNAL_VALUE>
												<EXTERNAL_VALUE><![CDATA[NULL]]></EXTERNAL_VALUE>
												<IS_EXPRESSION>N</IS_EXPRESSION><VALUE1_IS_EXPR>N</VALUE1_IS_EXPR><VALUE2_IS_EXPR>N</VALUE2_IS_EXPR><VALUE3_IS_EXPR>N</VALUE3_IS_EXPR><VALUE4_IS_EXPR>N</VALUE4_IS_EXPR><VALUE5_IS_EXPR>N</VALUE5_IS_EXPR><VALUE6_IS_EXPR>N</VALUE6_IS_EXPR><TEST_ELEMENT_GUID>{36A3C55A-F0E7-406E-B5E4-A200C4540F85}</TEST_ELEMENT_GUID><ASSIGN_IN_SETUP>N</ASSIGN_IN_SETUP><ARGUMENT_ALIAS>f_Elapsed_Time</ARGUMENT_ALIAS><NO_LOCAL_DECLARATION>N</NO_LOCAL_DECLARATION><OT_ATTRIBUTE_GUID></OT_ATTRIBUTE_GUID>
												<CREATED_ON>2009-12-24T13:53:41</CREATED_ON><CREATED_BY>QCTO19</CREATED_BY><CHANGED_ON>2009-12-24T13:53:41</CHANGED_ON><CHANGED_BY>QCTO19</CHANGED_BY>
												<DATATYPE_DECLARE>PLS_INTEGER</DATATYPE_DECLARE>
												<VALUE1><![CDATA[]]></VALUE1>
												<VALUE2><![CDATA[]]></VALUE2>
												<VALUE3><![CDATA[]]></VALUE3>
												<VALUE4><![CDATA[]]></VALUE4>
												<VALUE5><![CDATA[]]></VALUE5>
												<VALUE6><![CDATA[]]></VALUE6></COLUMNS></QU_ATTRIBUTES>
									</ATTRIBUTES>
								</QU_OUTCOME>
							</OUTCOMES>
							<CODE_COVERAGE>
							</CODE_COVERAGE>
						</QU_TEST_CASE>
					</TEST_CASES>
				</QU_UNIT_TEST>
			</UNIT_TESTS>
		</QU_HARNESS>
	</TEST_DEFINITIONS>
</QCTO_EXPORT>
